30554,cw_566,2003,1,,2003-02-28,http://www.sec.gov/Archives/edgar/data/30554/0000930413-03-000634.txt,http://www.sec.gov/Archives/edgar/data/30554/000093041303000634/c26199_ex21.txt,1
30554,cw_566,2004,1,,2004-03-03,http://www.sec.gov/Archives/edgar/data/30554/0000930413-04-000799.txt,http://www.sec.gov/Archives/edgar/data/30554/000093041304000799/c29399_ex21.txt,1
30554,cw_566,2005,1,,2005-03-02,http://www.sec.gov/Archives/edgar/data/30554/0001047469-05-005183.txt,http://www.sec.gov/Archives/edgar/data/30554/000104746905005183/a2151039zex-21.htm,1
30554,cw_566,2006,1,,2006-02-28,http://www.sec.gov/Archives/edgar/data/30554/0001047469-06-002614.txt,http://www.sec.gov/Archives/edgar/data/30554/000104746906002614/a2167460zex-21.htm,1
30554,cw_566,2007,1,,2007-02-23,http://www.sec.gov/Archives/edgar/data/30554/0000893220-07-000464.txt,http://www.sec.gov/Archives/edgar/data/30554/000089322007000464/w26090exv21.htm,1
30554,cw_566,2008,1,20071231,2008-02-19,http://www.sec.gov/Archives/edgar/data/30554/0000893220-08-000422.txt,http://www.sec.gov/Archives/edgar/data/30554/000089322008000422/w48305exv21.htm,1
30554,cw_566,2008,2,0,2008-04-23,http://www.sec.gov/Archives/edgar/data/30554/0000893220-08-001175.txt,,1
30554,cw_566,2009,1,,2009-02-12,http://www.sec.gov/Archives/edgar/data/30554/0000893220-09-000276.txt,http://www.sec.gov/Archives/edgar/data/30554/000089322009000276/w72619exv21.htm,1
30554,cw_566,2010,1,,2010-02-17,http://www.sec.gov/Archives/edgar/data/30554/0001047469-10-000954.txt,http://www.sec.gov/Archives/edgar/data/30554/000104746910000954/a2196441zex-21.htm,1
30554,cw_566,2011,1,,2011-02-08,http://www.sec.gov/Archives/edgar/data/30554/0001047469-11-000602.txt,http://www.sec.gov/Archives/edgar/data/30554/000104746911000602/a2201761zex-21.htm,1
30554,cw_566,2012,1,,2012-02-09,http://www.sec.gov/Archives/edgar/data/30554/0000030554-12-000005.txt,http://www.sec.gov/Archives/edgar/data/30554/000003055412000005/dd-12312011xex21.htm,1
30554,cw_566,2013,1,,2013-02-07,http://www.sec.gov/Archives/edgar/data/30554/0000030554-13-000006.txt,http://www.sec.gov/Archives/edgar/data/30554/000003055413000006/dd-12312012xex21.htm,1
30554,cw_566,2014,1,,2014-02-05,http://www.sec.gov/Archives/edgar/data/30554/0000030554-14-000002.txt,http://www.sec.gov/Archives/edgar/data/30554/000003055414000002/dd-12312013xex21.htm,1
30554,cw_566,2015,1,,2015-02-05,http://www.sec.gov/Archives/edgar/data/30554/0000030554-15-000004.txt,http://www.sec.gov/Archives/edgar/data/30554/000003055415000004/dd-12312014xex21.htm,1
30554,cw_566,2016,1,,2016-02-04,http://www.sec.gov/Archives/edgar/data/30554/0000030554-16-000106.txt,http://www.sec.gov/Archives/edgar/data/30554/000003055416000106/dd-12312015xex21.htm,1
732712,cw_3756,2003,1,,2003-03-14,http://www.sec.gov/Archives/edgar/data/732712/0000950134-03-003953.txt,http://www.sec.gov/Archives/edgar/data/732712/000095013403003953/d03879exv21.htm,1
732712,cw_3756,2004,1,,2004-03-12,http://www.sec.gov/Archives/edgar/data/732712/0001193125-04-040305.txt,http://www.sec.gov/Archives/edgar/data/732712/000119312504040305/dex21.htm,1
732712,cw_3756,2005,1,,2005-03-14,http://www.sec.gov/Archives/edgar/data/732712/0001193125-05-049044.txt,http://www.sec.gov/Archives/edgar/data/732712/000119312505049044/dex21.htm,1
732712,cw_3756,2006,1,,2006-03-14,http://www.sec.gov/Archives/edgar/data/732712/0001193125-06-053710.txt,http://www.sec.gov/Archives/edgar/data/732712/000119312506053710/dex21.htm,1
732712,cw_3756,2007,1,,2007-03-01,http://www.sec.gov/Archives/edgar/data/732712/0001193125-07-044126.txt,http://www.sec.gov/Archives/edgar/data/732712/000119312507044126/dex21.htm,1
732712,cw_3756,2008,1,20071231,2008-02-28,http://www.sec.gov/Archives/edgar/data/732712/0001193125-08-042027.txt,http://www.sec.gov/Archives/edgar/data/732712/000119312508042027/dex21.htm,1
732712,cw_3756,2009,1,,2009-02-24,http://www.sec.gov/Archives/edgar/data/732712/0001193125-09-036349.txt,http://www.sec.gov/Archives/edgar/data/732712/000119312509036349/dex21.htm,1
732712,cw_3756,2010,1,,2010-02-26,http://www.sec.gov/Archives/edgar/data/732712/0001193125-10-041685.txt,http://www.sec.gov/Archives/edgar/data/732712/000119312510041685/dex21.htm,1
732712,cw_3756,2011,1,,2011-02-28,http://www.sec.gov/Archives/edgar/data/732712/0001193125-11-049476.txt,http://www.sec.gov/Archives/edgar/data/732712/000119312511049476/dex21.htm,1
732712,cw_3756,2012,1,,2012-02-24,http://www.sec.gov/Archives/edgar/data/732712/0001193125-12-077846.txt,http://www.sec.gov/Archives/edgar/data/732712/000119312512077846/d257450dex21.htm,1
732712,cw_3756,2013,1,,2013-02-26,http://www.sec.gov/Archives/edgar/data/732712/0001193125-13-075713.txt,http://www.sec.gov/Archives/edgar/data/732712/000119312513075713/d441535dex21.htm,1
732712,cw_3756,2014,1,,2014-02-27,http://www.sec.gov/Archives/edgar/data/732712/0001193125-14-073266.txt,http://www.sec.gov/Archives/edgar/data/732712/000119312514073266/d622994dex21.htm,1
732712,cw_3756,2015,1,,2015-02-23,http://www.sec.gov/Archives/edgar/data/732712/0001193125-15-057710.txt,http://www.sec.gov/Archives/edgar/data/732712/000119312515057710/d820819dex21.htm,1
1018724,cw_12996,2003,1,,2003-02-19,http://www.sec.gov/Archives/edgar/data/1018724/0000950149-03-000355.txt,http://www.sec.gov/Archives/edgar/data/1018724/000095014903000355/v87419orexv21w1.htm,1
1018724,cw_12996,2004,1,,2004-02-25,http://www.sec.gov/Archives/edgar/data/1018724/0001193125-04-029488.txt,http://www.sec.gov/Archives/edgar/data/1018724/000119312504029488/dex211.htm,1
1018724,cw_12996,2005,1,,2005-03-11,http://www.sec.gov/Archives/edgar/data/1018724/0001193125-05-047032.txt,http://www.sec.gov/Archives/edgar/data/1018724/000119312505047032/dex211.htm,1
1018724,cw_12996,2006,1,,2006-02-17,http://www.sec.gov/Archives/edgar/data/1018724/0001193125-06-034166.txt,http://www.sec.gov/Archives/edgar/data/1018724/000119312506034166/dex211.htm,1
1018724,cw_12996,2007,1,,2007-02-16,http://www.sec.gov/Archives/edgar/data/1018724/0001193125-07-034081.txt,http://www.sec.gov/Archives/edgar/data/1018724/000119312507034081/dex211.htm,1
1018724,cw_12996,2008,1,20071231,2008-02-11,http://www.sec.gov/Archives/edgar/data/1018724/0001193125-08-024707.txt,http://www.sec.gov/Archives/edgar/data/1018724/000119312508024707/dex211.htm,1
1018724,cw_12996,2009,1,,2009-01-30,http://www.sec.gov/Archives/edgar/data/1018724/0001193125-09-014406.txt,http://www.sec.gov/Archives/edgar/data/1018724/000119312509014406/dex211.htm,1
1018724,cw_12996,2010,1,,2010-01-29,http://www.sec.gov/Archives/edgar/data/1018724/0001193125-10-016098.txt,http://www.sec.gov/Archives/edgar/data/1018724/000119312510016098/dex211.htm,1
1018724,cw_12996,2011,1,,2011-02-28,http://www.sec.gov/Archives/edgar/data/1018724/0001193125-11-050136.txt,,1
1018724,cw_12996,2011,1,,2011-01-28,http://www.sec.gov/Archives/edgar/data/1018724/0001193125-11-016253.txt,http://www.sec.gov/Archives/edgar/data/1018724/000119312511016253/dex211.htm,1
1018724,cw_12996,2012,1,,2012-02-01,http://www.sec.gov/Archives/edgar/data/1018724/0001193125-12-032846.txt,http://www.sec.gov/Archives/edgar/data/1018724/000119312512032846/d269317dex211.htm,1
1018724,cw_12996,2013,1,,2013-01-30,http://www.sec.gov/Archives/edgar/data/1018724/0001193125-13-028520.txt,http://www.sec.gov/Archives/edgar/data/1018724/000119312513028520/d445434dex211.htm,1
1018724,cw_12996,2014,1,,2014-01-31,http://www.sec.gov/Archives/edgar/data/1018724/0001018724-14-000006.txt,http://www.sec.gov/Archives/edgar/data/1018724/000101872414000006/amzn-20131231xex211.htm,1
1018724,cw_12996,2015,1,,2015-01-30,http://www.sec.gov/Archives/edgar/data/1018724/0001018724-15-000006.txt,http://www.sec.gov/Archives/edgar/data/1018724/000101872415000006/amzn-20141231xex211.htm,1
1018724,cw_12996,2016,1,,2016-01-29,http://www.sec.gov/Archives/edgar/data/1018724/0001018724-16-000172.txt,http://www.sec.gov/Archives/edgar/data/1018724/000101872416000172/amzn-20151231xex211.htm,1
732717,cw_3757,2003,1,,2003-03-14,http://www.sec.gov/Archives/edgar/data/732717/0000732717-03-000210.txt,http://www.sec.gov/Archives/edgar/data/732717/000073271703000210/exhibit21.htm,1
732717,cw_3757,2004,1,,2004-03-11,http://www.sec.gov/Archives/edgar/data/732717/0000732717-04-000205.txt,http://www.sec.gov/Archives/edgar/data/732717/000073271704000205/ex21.htm,1
732717,cw_3757,2005,1,,2005-03-11,http://www.sec.gov/Archives/edgar/data/732717/0000732717-05-000176.txt,http://www.sec.gov/Archives/edgar/data/732717/000073271705000176/ex21.htm,1
732717,cw_3757,2006,1,,2006-03-01,http://www.sec.gov/Archives/edgar/data/732717/0000732717-06-000008.txt,http://www.sec.gov/Archives/edgar/data/732717/000073271706000008/ex21.htm,1
732717,cw_3757,2007,1,,2007-02-26,http://www.sec.gov/Archives/edgar/data/732717/0000732717-07-000015.txt,http://www.sec.gov/Archives/edgar/data/732717/000073271707000015/ex21.htm,1
732717,cw_3757,2008,1,20080226,2008-02-27,http://www.sec.gov/Archives/edgar/data/732717/0000732717-08-000012.txt,http://www.sec.gov/Archives/edgar/data/732717/000073271708000012/ex21.htm,1
732717,cw_3757,2009,1,,2009-02-25,http://www.sec.gov/Archives/edgar/data/732717/0000732717-09-000007.txt,http://www.sec.gov/Archives/edgar/data/732717/000073271709000007/ex21.htm,1
732717,cw_3757,2010,1,,2010-02-25,http://www.sec.gov/Archives/edgar/data/732717/0000732717-10-000013.txt,http://www.sec.gov/Archives/edgar/data/732717/000073271710000013/ex21.htm,1
732717,cw_3757,2011,1,,2011-03-01,http://www.sec.gov/Archives/edgar/data/732717/0000732717-11-000014.txt,http://www.sec.gov/Archives/edgar/data/732717/000073271711000014/ex21.htm,1
732717,cw_3757,2012,1,,2012-02-24,http://www.sec.gov/Archives/edgar/data/732717/0000732717-12-000025.txt,http://www.sec.gov/Archives/edgar/data/732717/000073271712000025/ex21.htm,1
732717,cw_3757,2013,1,,2013-02-22,http://www.sec.gov/Archives/edgar/data/732717/0000732717-13-000017.txt,http://www.sec.gov/Archives/edgar/data/732717/000073271713000017/ex21.htm,1
732717,cw_3757,2014,1,,2014-02-21,http://www.sec.gov/Archives/edgar/data/732717/0000732717-14-000010.txt,http://www.sec.gov/Archives/edgar/data/732717/000073271714000010/ex21.htm,1
732717,cw_3757,2015,1,,2015-02-20,http://www.sec.gov/Archives/edgar/data/732717/0000732717-15-000016.txt,http://www.sec.gov/Archives/edgar/data/732717/000073271715000016/ex21.htm,1
1276520,cw_735790,2014,1,,2014-03-03,http://www.sec.gov/Archives/edgar/data/1276520/0001193125-14-078864.txt,http://www.sec.gov/Archives/edgar/data/1276520/000119312514078864/d645067dex21.htm,0
1276520,cw_735790,2015,1,,2015-03-02,http://www.sec.gov/Archives/edgar/data/1276520/0001193125-15-072748.txt,http://www.sec.gov/Archives/edgar/data/1276520/000119312515072748/d840962dex21.htm,0
72971,cw_1315,2003,1,,2003-03-14,http://www.sec.gov/Archives/edgar/data/72971/0001047469-03-008749.txt,http://www.sec.gov/Archives/edgar/data/72971/000104746903008749/a2104743zex-21.htm,1
72971,cw_1315,2004,1,,2004-01-16,http://www.sec.gov/Archives/edgar/data/72971/0000950149-04-000152.txt,,1
72971,cw_1315,2004,1,,2004-03-12,http://www.sec.gov/Archives/edgar/data/72971/0000950134-04-003387.txt,http://www.sec.gov/Archives/edgar/data/72971/000095013404003387/f97006exv21.htm,1
72971,cw_1315,2005,1,,2005-03-17,http://www.sec.gov/Archives/edgar/data/72971/0000950134-05-005350.txt,,1
72971,cw_1315,2005,1,,2005-03-10,http://www.sec.gov/Archives/edgar/data/72971/0000950134-05-004623.txt,http://www.sec.gov/Archives/edgar/data/72971/000095013405004623/f06409exv21.htm,1
72971,cw_1315,2006,1,,2006-03-09,http://www.sec.gov/Archives/edgar/data/72971/0000950149-06-000083.txt,http://www.sec.gov/Archives/edgar/data/72971/000095014906000083/f17867exv21.htm,1
72971,cw_1315,2007,1,,2007-03-01,http://www.sec.gov/Archives/edgar/data/72971/0000950134-07-004518.txt,http://www.sec.gov/Archives/edgar/data/72971/000095013407004518/f27602exv21.htm,1
72971,cw_1315,2008,1,20071231,2008-02-29,http://www.sec.gov/Archives/edgar/data/72971/0000950134-08-003822.txt,http://www.sec.gov/Archives/edgar/data/72971/000095013408003822/f38267exv21.htm,1
72971,cw_1315,2009,1,,2009-02-27,http://www.sec.gov/Archives/edgar/data/72971/0000950134-09-003967.txt,http://www.sec.gov/Archives/edgar/data/72971/000095013409003967/f51597exv21.htm,1
72971,cw_1315,2010,1,,2010-02-26,http://www.sec.gov/Archives/edgar/data/72971/0000950123-10-017877.txt,http://www.sec.gov/Archives/edgar/data/72971/000095012310017877/f54129exv21.htm,1
72971,cw_1315,2011,1,,2011-02-25,http://www.sec.gov/Archives/edgar/data/72971/0000950123-11-018541.txt,http://www.sec.gov/Archives/edgar/data/72971/000095012311018541/f56816exv21.htm,1
72971,cw_1315,2012,1,,2012-02-28,http://www.sec.gov/Archives/edgar/data/72971/0001193125-12-084528.txt,http://www.sec.gov/Archives/edgar/data/72971/000119312512084528/d280360dex21.htm,1
72971,cw_1315,2013,1,,2013-02-27,http://www.sec.gov/Archives/edgar/data/72971/0001193125-13-078820.txt,http://www.sec.gov/Archives/edgar/data/72971/000119312513078820/d450230dex21.htm,1
72971,cw_1315,2014,1,,2014-02-26,http://www.sec.gov/Archives/edgar/data/72971/0000072971-14-000337.txt,http://www.sec.gov/Archives/edgar/data/72971/000007297114000337/wfc10k_20131231-ex21.htm,1
72971,cw_1315,2015,1,,2015-02-25,http://www.sec.gov/Archives/edgar/data/72971/0000072971-15-000449.txt,http://www.sec.gov/Archives/edgar/data/72971/000007297115000449/wfc-12312014xex21.htm,1
78003,cw_1426,2003,1,,2003-03-27,http://www.sec.gov/Archives/edgar/data/78003/0000950123-03-003360.txt,http://www.sec.gov/Archives/edgar/data/78003/000095012303003360/y83976exv21.htm,1
78003,cw_1426,2004,1,,2004-03-10,http://www.sec.gov/Archives/edgar/data/78003/0000950123-04-003064.txt,http://www.sec.gov/Archives/edgar/data/78003/000095012304003064/y94722exv21.htm,1
78003,cw_1426,2005,1,,2005-02-28,http://www.sec.gov/Archives/edgar/data/78003/0000950123-05-002379.txt,http://www.sec.gov/Archives/edgar/data/78003/000095012305002379/y06124exv21.htm,1
78003,cw_1426,2006,1,,2006-03-01,http://www.sec.gov/Archives/edgar/data/78003/0000930413-06-001567.txt,http://www.sec.gov/Archives/edgar/data/78003/000093041306001567/c40966_ex21.htm,1
78003,cw_1426,2007,1,,2007-03-01,http://www.sec.gov/Archives/edgar/data/78003/0000930413-07-001807.txt,http://www.sec.gov/Archives/edgar/data/78003/000093041307001807/c46660_ex21.htm,1
78003,cw_1426,2008,1,20071231,2008-02-29,http://www.sec.gov/Archives/edgar/data/78003/0000930413-08-001360.txt,http://www.sec.gov/Archives/edgar/data/78003/000093041308001360/c52104_ex21.htm,1
78003,cw_1426,2009,1,,2009-02-27,http://www.sec.gov/Archives/edgar/data/78003/0001193125-09-040568.txt,http://www.sec.gov/Archives/edgar/data/78003/000119312509040568/dex21.htm,1
78003,cw_1426,2010,1,,2010-02-26,http://www.sec.gov/Archives/edgar/data/78003/0001193125-10-042425.txt,http://www.sec.gov/Archives/edgar/data/78003/000119312510042425/dex21.htm,1
78003,cw_1426,2011,1,,2011-02-28,http://www.sec.gov/Archives/edgar/data/78003/0001193125-11-048877.txt,http://www.sec.gov/Archives/edgar/data/78003/000119312511048877/dex21.htm,1
78003,cw_1426,2012,1,,2012-02-28,http://www.sec.gov/Archives/edgar/data/78003/0001193125-12-085703.txt,http://www.sec.gov/Archives/edgar/data/78003/000119312512085703/d278590dex21.htm,1
78003,cw_1426,2013,1,,2013-03-01,http://www.sec.gov/Archives/edgar/data/78003/0000078003-13-000009.txt,,1
78003,cw_1426,2013,1,,2013-02-28,http://www.sec.gov/Archives/edgar/data/78003/0000078003-13-000006.txt,http://www.sec.gov/Archives/edgar/data/78003/000007800313000006/pfe-12312012xex21.htm,1
78003,cw_1426,2014,1,,2014-02-28,http://www.sec.gov/Archives/edgar/data/78003/0000078003-14-000018.txt,http://www.sec.gov/Archives/edgar/data/78003/000007800314000018/pfe-123113ex21.htm,1
78003,cw_1426,2015,1,,2015-02-27,http://www.sec.gov/Archives/edgar/data/78003/0000078003-15-000014.txt,http://www.sec.gov/Archives/edgar/data/78003/000007800315000014/pfe-12312014xex21.htm,1
21344,cw_391,2003,1,,2003-03-26,http://www.sec.gov/Archives/edgar/data/21344/0000021344-03-000031.txt,http://www.sec.gov/Archives/edgar/data/21344/000002134403000031/x21-1.txt,1
21344,cw_391,2004,1,,2004-02-27,http://www.sec.gov/Archives/edgar/data/21344/0001047469-04-005840.txt,http://www.sec.gov/Archives/edgar/data/21344/000104746904005840/a2126594zex-21_1.htm,1
21344,cw_391,2005,1,,2005-03-04,http://www.sec.gov/Archives/edgar/data/21344/0001047469-05-005411.txt,http://www.sec.gov/Archives/edgar/data/21344/000104746905005411/a2151637zex-21_1.htm,1
21344,cw_391,2006,1,,2006-02-28,http://www.sec.gov/Archives/edgar/data/21344/0001047469-06-002588.txt,http://www.sec.gov/Archives/edgar/data/21344/000104746906002588/a2167326zex-21_1.htm,1
21344,cw_391,2007,1,,2007-02-21,http://www.sec.gov/Archives/edgar/data/21344/0001047469-07-001328.txt,http://www.sec.gov/Archives/edgar/data/21344/000104746907001328/a2176230zex-21_1.htm,1
21344,cw_391,2008,1,20071231,2008-02-28,http://www.sec.gov/Archives/edgar/data/21344/0001193125-08-041768.txt,http://www.sec.gov/Archives/edgar/data/21344/000119312508041768/dex211.htm,1
21344,cw_391,2009,1,,2009-02-26,http://www.sec.gov/Archives/edgar/data/21344/0001047469-09-001875.txt,http://www.sec.gov/Archives/edgar/data/21344/000104746909001875/a2190274zex-21_1.htm,1
21344,cw_391,2010,1,,2010-02-26,http://www.sec.gov/Archives/edgar/data/21344/0001047469-10-001476.txt,http://www.sec.gov/Archives/edgar/data/21344/000104746910001476/a2195739zex-21_1.htm,1
21344,cw_391,2011,1,,2011-02-28,http://www.sec.gov/Archives/edgar/data/21344/0001047469-11-001506.txt,http://www.sec.gov/Archives/edgar/data/21344/000104746911001506/a2202147zex-21_1.htm,1
21344,cw_391,2012,1,,2012-02-23,http://www.sec.gov/Archives/edgar/data/21344/0000021344-12-000007.txt,http://www.sec.gov/Archives/edgar/data/21344/000002134412000007/a20111231ex-211.htm,1
21344,cw_391,2013,1,,2013-02-27,http://www.sec.gov/Archives/edgar/data/21344/0000021344-13-000007.txt,http://www.sec.gov/Archives/edgar/data/21344/000002134413000007/a20121231ex-211.htm,1
21344,cw_391,2014,1,,2014-02-27,http://www.sec.gov/Archives/edgar/data/21344/0000021344-14-000008.txt,http://www.sec.gov/Archives/edgar/data/21344/000002134414000008/a20131231ex-211.htm,1
21344,cw_391,2015,1,,2015-02-25,http://www.sec.gov/Archives/edgar/data/21344/0000021344-15-000005.txt,http://www.sec.gov/Archives/edgar/data/21344/000002134415000005/a20141231ex-211.htm,1
100885,cw_1831,2003,1,,2003-02-21,http://www.sec.gov/Archives/edgar/data/100885/0000950134-03-002918.txt,http://www.sec.gov/Archives/edgar/data/100885/000095013403002918/d03483exv21.txt,1
100885,cw_1831,2004,1,,2004-02-18,http://www.sec.gov/Archives/edgar/data/100885/0001193125-04-025678.txt,http://www.sec.gov/Archives/edgar/data/100885/000119312504025678/dex21.htm,1
100885,cw_1831,2005,1,,2005-02-25,http://www.sec.gov/Archives/edgar/data/100885/0001193125-05-037425.txt,http://www.sec.gov/Archives/edgar/data/100885/000119312505037425/dex21.htm,1
100885,cw_1831,2006,1,,2006-02-24,http://www.sec.gov/Archives/edgar/data/100885/0001193125-06-038383.txt,http://www.sec.gov/Archives/edgar/data/100885/000119312506038383/dex21.htm,1
100885,cw_1831,2007,1,,2007-02-23,http://www.sec.gov/Archives/edgar/data/100885/0001193125-07-038387.txt,http://www.sec.gov/Archives/edgar/data/100885/000119312507038387/dex21.htm,1
100885,cw_1831,2008,1,20071231,2008-02-28,http://www.sec.gov/Archives/edgar/data/100885/0001193125-08-041700.txt,http://www.sec.gov/Archives/edgar/data/100885/000119312508041700/dex21.htm,1
100885,cw_1831,2009,1,,2009-02-06,http://www.sec.gov/Archives/edgar/data/100885/0001193125-09-021370.txt,http://www.sec.gov/Archives/edgar/data/100885/000119312509021370/dex21.htm,1
100885,cw_1831,2010,1,,2010-02-05,http://www.sec.gov/Archives/edgar/data/100885/0001193125-10-023294.txt,http://www.sec.gov/Archives/edgar/data/100885/000119312510023294/dex21.htm,1
100885,cw_1831,2011,1,,2011-02-04,http://www.sec.gov/Archives/edgar/data/100885/0001193125-11-024531.txt,http://www.sec.gov/Archives/edgar/data/100885/000119312511024531/dex21.htm,1
100885,cw_1831,2012,1,,2012-02-03,http://www.sec.gov/Archives/edgar/data/100885/0001193125-12-038569.txt,http://www.sec.gov/Archives/edgar/data/100885/000119312512038569/d288752dex21.htm,1
100885,cw_1831,2013,1,,2013-02-08,http://www.sec.gov/Archives/edgar/data/100885/0001193125-13-045658.txt,http://www.sec.gov/Archives/edgar/data/100885/000119312513045658/d477110dex21.htm,1
100885,cw_1831,2014,1,,2014-02-07,http://www.sec.gov/Archives/edgar/data/100885/0001193125-14-040752.txt,http://www.sec.gov/Archives/edgar/data/100885/000119312514040752/d668613dex21.htm,1
100885,cw_1831,2015,1,,2015-02-06,http://www.sec.gov/Archives/edgar/data/100885/0001193125-15-037518.txt,http://www.sec.gov/Archives/edgar/data/100885/000119312515037518/d865355dex21.htm,1
100885,cw_1831,2016,1,,2016-02-05,http://www.sec.gov/Archives/edgar/data/100885/0000100885-16-000260.txt,http://www.sec.gov/Archives/edgar/data/100885/000010088516000260/unp-20151231ex214fda4f6.htm,1
731766,cw_3735,2003,1,,2003-03-19,http://www.sec.gov/Archives/edgar/data/731766/0000950134-03-004178.txt,http://www.sec.gov/Archives/edgar/data/731766/000095013403004178/c74996exv21.txt,1
731766,cw_3735,2004,1,,2004-03-15,http://www.sec.gov/Archives/edgar/data/731766/0000950134-04-003522.txt,http://www.sec.gov/Archives/edgar/data/731766/000095013404003522/c82635exv21.htm,1
731766,cw_3735,2005,1,,2005-03-01,http://www.sec.gov/Archives/edgar/data/731766/0001193125-05-039947.txt,http://www.sec.gov/Archives/edgar/data/731766/000119312505039947/dex21.htm,1
731766,cw_3735,2006,1,,2006-02-24,http://www.sec.gov/Archives/edgar/data/731766/0001193125-06-038949.txt,http://www.sec.gov/Archives/edgar/data/731766/000119312506038949/dex21.htm,1
731766,cw_3735,2007,1,,2007-03-06,http://www.sec.gov/Archives/edgar/data/731766/0001193125-07-046861.txt,http://www.sec.gov/Archives/edgar/data/731766/000119312507046861/dex21.htm,1
731766,cw_3735,2008,1,20071231,2008-02-21,http://www.sec.gov/Archives/edgar/data/731766/0001193125-08-035391.txt,http://www.sec.gov/Archives/edgar/data/731766/000119312508035391/dex211.htm,1
731766,cw_3735,2009,1,,2009-02-18,http://www.sec.gov/Archives/edgar/data/731766/0001193125-09-032163.txt,,1
731766,cw_3735,2009,1,,2009-02-11,http://www.sec.gov/Archives/edgar/data/731766/0001193125-09-025587.txt,http://www.sec.gov/Archives/edgar/data/731766/000119312509025587/dex211.htm,1
731766,cw_3735,2010,1,,2010-02-10,http://www.sec.gov/Archives/edgar/data/731766/0001193125-10-027229.txt,http://www.sec.gov/Archives/edgar/data/731766/000119312510027229/dex211.htm,1
731766,cw_3735,2011,1,,2011-02-10,http://www.sec.gov/Archives/edgar/data/731766/0001193125-11-030615.txt,http://www.sec.gov/Archives/edgar/data/731766/000119312511030615/dex211.htm,1
731766,cw_3735,2012,1,,2012-02-09,http://www.sec.gov/Archives/edgar/data/731766/0000731766-12-000009.txt,http://www.sec.gov/Archives/edgar/data/731766/000073176612000009/unhex211201110k.htm,1
731766,cw_3735,2013,1,,2013-02-07,http://www.sec.gov/Archives/edgar/data/731766/0000731766-13-000005.txt,http://www.sec.gov/Archives/edgar/data/731766/000073176613000005/unhex2111231201210k.htm,1
731766,cw_3735,2014,1,,2014-02-12,http://www.sec.gov/Archives/edgar/data/731766/0000731766-14-000008.txt,http://www.sec.gov/Archives/edgar/data/731766/000073176614000008/unhex21112312013.htm,1
731766,cw_3735,2015,1,,2015-02-10,http://www.sec.gov/Archives/edgar/data/731766/0000731766-15-000007.txt,http://www.sec.gov/Archives/edgar/data/731766/000073176615000007/unhex21112312014.htm,1
731766,cw_3735,2016,1,,2016-02-09,http://www.sec.gov/Archives/edgar/data/731766/0000731766-16-000058.txt,http://www.sec.gov/Archives/edgar/data/731766/000073176616000058/unhex21112312015.htm,1
104169,cw_1901,2003,2,,2003-04-15,http://www.sec.gov/Archives/edgar/data/104169/0000104169-03-000005.txt,http://www.sec.gov/Archives/edgar/data/104169/000010416903000005/ex21final.htm,1
104169,cw_1901,2004,2,,2004-04-09,http://www.sec.gov/Archives/edgar/data/104169/0001193125-04-059900.txt,http://www.sec.gov/Archives/edgar/data/104169/000119312504059900/dex21.htm,1
104169,cw_1901,2004,3,,2004-08-26,http://www.sec.gov/Archives/edgar/data/104169/0001193125-04-147373.txt,,1
104169,cw_1901,2005,1,,2005-03-31,http://www.sec.gov/Archives/edgar/data/104169/0001193125-05-066992.txt,http://www.sec.gov/Archives/edgar/data/104169/000119312505066992/dex21.htm,1
104169,cw_1901,2006,1,,2006-03-29,http://www.sec.gov/Archives/edgar/data/104169/0001193125-06-066792.txt,http://www.sec.gov/Archives/edgar/data/104169/000119312506066792/dex21.htm,1
104169,cw_1901,2007,1,,2007-03-27,http://www.sec.gov/Archives/edgar/data/104169/0001193125-07-065603.txt,http://www.sec.gov/Archives/edgar/data/104169/000119312507065603/dex21.htm,1
104169,cw_1901,2008,1,20080131,2008-03-31,http://www.sec.gov/Archives/edgar/data/104169/0001193125-08-071085.txt,http://www.sec.gov/Archives/edgar/data/104169/000119312508071085/dex21.htm,1
104169,cw_1901,2009,2,,2009-04-01,http://www.sec.gov/Archives/edgar/data/104169/0000104169-09-000006.txt,http://www.sec.gov/Archives/edgar/data/104169/000010416909000006/dex21.htm,1
104169,cw_1901,2010,1,,2010-03-30,http://www.sec.gov/Archives/edgar/data/104169/0001193125-10-071652.txt,http://www.sec.gov/Archives/edgar/data/104169/000119312510071652/dex21.htm,1
104169,cw_1901,2011,1,,2011-03-30,http://www.sec.gov/Archives/edgar/data/104169/0001193125-11-083157.txt,http://www.sec.gov/Archives/edgar/data/104169/000119312511083157/dex21.htm,1
104169,cw_1901,2012,1,,2012-03-27,http://www.sec.gov/Archives/edgar/data/104169/0001193125-12-134679.txt,http://www.sec.gov/Archives/edgar/data/104169/000119312512134679/d270972dex21.htm,1
104169,cw_1901,2013,1,,2013-03-26,http://www.sec.gov/Archives/edgar/data/104169/0000104169-13-000011.txt,http://www.sec.gov/Archives/edgar/data/104169/000010416913000011/wmt211312013.htm,1
104169,cw_1901,2014,1,,2014-03-21,http://www.sec.gov/Archives/edgar/data/104169/0000104169-14-000019.txt,http://www.sec.gov/Archives/edgar/data/104169/000010416914000019/wmt211312014.htm,1
104169,cw_1901,2015,2,,2015-04-01,http://www.sec.gov/Archives/edgar/data/104169/0000104169-15-000011.txt,http://www.sec.gov/Archives/edgar/data/104169/000010416915000011/wmt2113115.htm,1
47217,cw_868,2003,1,,2003-01-21,http://www.sec.gov/Archives/edgar/data/47217/0001047469-03-002015.txt,http://www.sec.gov/Archives/edgar/data/47217/000104746903002015/a2096381zex-21.htm,1
47217,cw_868,2004,1,,2004-01-20,http://www.sec.gov/Archives/edgar/data/47217/0001047469-04-001113.txt,http://www.sec.gov/Archives/edgar/data/47217/000104746904001113/a2125373zex-21.htm,1
47217,cw_868,2005,1,,2005-01-14,http://www.sec.gov/Archives/edgar/data/47217/0001047469-05-000929.txt,http://www.sec.gov/Archives/edgar/data/47217/000104746905000929/a2148694zex-21.htm,1
47217,cw_868,2005,4,,2005-12-21,http://www.sec.gov/Archives/edgar/data/47217/0001047469-05-028479.txt,http://www.sec.gov/Archives/edgar/data/47217/000104746905028479/a2165549zex-21.htm,1
47217,cw_868,2006,4,,2006-12-22,http://www.sec.gov/Archives/edgar/data/47217/0001047469-06-015253.txt,http://www.sec.gov/Archives/edgar/data/47217/000104746906015253/a2174889zex-21.htm,1
47217,cw_868,2007,4,,2007-12-18,http://www.sec.gov/Archives/edgar/data/47217/0001047469-07-010151.txt,http://www.sec.gov/Archives/edgar/data/47217/000104746907010151/a2181429zex-21.htm,1
47217,cw_868,2008,4,20081031,2008-12-18,http://www.sec.gov/Archives/edgar/data/47217/0001047469-08-013240.txt,http://www.sec.gov/Archives/edgar/data/47217/000104746908013240/a2189375zex-21.htm,1
47217,cw_868,2009,4,,2009-12-17,http://www.sec.gov/Archives/edgar/data/47217/0001047469-09-010806.txt,http://www.sec.gov/Archives/edgar/data/47217/000104746909010806/a2195472zex-21.htm,1
47217,cw_868,2010,1,,2010-02-05,http://www.sec.gov/Archives/edgar/data/47217/0001104659-10-005204.txt,,1
47217,cw_868,2010,4,,2010-12-15,http://www.sec.gov/Archives/edgar/data/47217/0001047469-10-010444.txt,http://www.sec.gov/Archives/edgar/data/47217/000104746910010444/a2201180zex-21.htm,1
47217,cw_868,2011,4,,2011-12-14,http://www.sec.gov/Archives/edgar/data/47217/0001047469-11-010094.txt,http://www.sec.gov/Archives/edgar/data/47217/000104746911010094/a2206500zex-21.htm,1
47217,cw_868,2012,4,,2012-12-27,http://www.sec.gov/Archives/edgar/data/47217/0001047469-12-011417.txt,http://www.sec.gov/Archives/edgar/data/47217/000104746912011417/a2211959zex-21.htm,1
47217,cw_868,2013,4,,2013-12-30,http://www.sec.gov/Archives/edgar/data/47217/0001047469-13-011417.txt,http://www.sec.gov/Archives/edgar/data/47217/000104746913011417/a2217554zex-21.htm,1
47217,cw_868,2014,4,,2014-12-18,http://www.sec.gov/Archives/edgar/data/47217/0001047469-14-009977.txt,http://www.sec.gov/Archives/edgar/data/47217/000104746914009977/a2222365zex-21.htm,1
47217,cw_868,2015,4,,2015-12-16,http://www.sec.gov/Archives/edgar/data/47217/0001047469-15-009251.txt,http://www.sec.gov/Archives/edgar/data/47217/000104746915009251/a2226745zex-21.htm,1
1530721,cw_666798,2013,2,,2013-05-29,http://www.sec.gov/Archives/edgar/data/1530721/0001193125-13-239625.txt,http://www.sec.gov/Archives/edgar/data/1530721/000119312513239625/d494652dex211.htm,1
1530721,cw_666798,2014,2,,2014-05-28,http://www.sec.gov/Archives/edgar/data/1530721/0001193125-14-215187.txt,http://www.sec.gov/Archives/edgar/data/1530721/000119312514215187/d713190dex211.htm,1
1530721,cw_666798,2015,2,,2015-05-27,http://www.sec.gov/Archives/edgar/data/1530721/0001193125-15-201923.txt,http://www.sec.gov/Archives/edgar/data/1530721/000119312515201923/d900571dex211.htm,1
30371,cw_40060,2006,1,,2006-03-06,http://www.sec.gov/Archives/edgar/data/30371/0001193125-06-045233.txt,http://www.sec.gov/Archives/edgar/data/30371/000119312506045233/dex21.htm,0
1326160,cw_40060,2007,1,,2007-03-22,http://www.sec.gov/Archives/edgar/data/1326160/0001193125-07-060762.txt,,1
1326160,cw_40060,2007,1,,2007-03-01,http://www.sec.gov/Archives/edgar/data/1326160/0001193125-07-044568.txt,http://www.sec.gov/Archives/edgar/data/1326160/000119312507044568/dex21.htm,1
1326160,cw_40060,2008,1,20071231,2008-02-29,http://www.sec.gov/Archives/edgar/data/1326160/0001193125-08-043884.txt,http://www.sec.gov/Archives/edgar/data/1326160/000119312508043884/dex21.htm,1
1326160,cw_40060,2009,1,,2009-02-27,http://www.sec.gov/Archives/edgar/data/1326160/0001193125-09-041096.txt,http://www.sec.gov/Archives/edgar/data/1326160/000119312509041096/dex21.htm,1
1326160,cw_40060,2010,1,,2010-02-26,http://www.sec.gov/Archives/edgar/data/1326160/0001193125-10-043083.txt,http://www.sec.gov/Archives/edgar/data/1326160/000119312510043083/dex21.htm,1
1326160,cw_40060,2011,1,,2011-02-25,http://www.sec.gov/Archives/edgar/data/1326160/0001193125-11-047229.txt,http://www.sec.gov/Archives/edgar/data/1326160/000119312511047229/dex21.htm,1
1326160,cw_40060,2012,1,,2012-02-28,http://www.sec.gov/Archives/edgar/data/1326160/0001193125-12-085533.txt,http://www.sec.gov/Archives/edgar/data/1326160/000119312512085533/d265218dex21.htm,1
1326160,cw_40060,2013,1,,2013-03-01,http://www.sec.gov/Archives/edgar/data/1326160/0001326160-13-000009.txt,http://www.sec.gov/Archives/edgar/data/1326160/000132616013000009/exhibit21.htm,1
1326160,cw_40060,2014,1,,2014-02-28,http://www.sec.gov/Archives/edgar/data/1326160/0001326160-14-000003.txt,http://www.sec.gov/Archives/edgar/data/1326160/000132616014000003/exhibit21.htm,1
1326160,cw_40060,2015,1,,2015-03-02,http://www.sec.gov/Archives/edgar/data/1326160/0001326160-15-000008.txt,http://www.sec.gov/Archives/edgar/data/1326160/000132616015000008/duk-20141231x10kxexx21.htm,1
753308,cw_4163,2003,1,,2003-03-27,http://www.sec.gov/Archives/edgar/data/753308/0000753308-03-000017.txt,http://www.sec.gov/Archives/edgar/data/753308/000075330803000017/exhibit21.htm,1
753308,cw_4163,2004,1,,2004-02-27,http://www.sec.gov/Archives/edgar/data/753308/0000753308-04-000017.txt,http://www.sec.gov/Archives/edgar/data/753308/000075330804000017/exhibit21.htm,1
753308,cw_4163,2005,1,,2005-02-28,http://www.sec.gov/Archives/edgar/data/753308/0000753308-05-000017.txt,http://www.sec.gov/Archives/edgar/data/753308/000075330805000017/exhibit21.htm,1
753308,cw_4163,2006,1,,2006-02-23,http://www.sec.gov/Archives/edgar/data/753308/0000753308-06-000032.txt,http://www.sec.gov/Archives/edgar/data/753308/000075330806000032/exhibit21.htm,1
753308,cw_4163,2006,2,,2006-04-28,http://www.sec.gov/Archives/edgar/data/753308/0000753308-06-000045.txt,,1
753308,cw_4163,2007,1,,2007-02-27,http://www.sec.gov/Archives/edgar/data/753308/0000753308-07-000016.txt,http://www.sec.gov/Archives/edgar/data/753308/000075330807000016/exhibit21.htm,1
753308,cw_4163,2008,1,20071231,2008-02-28,http://www.sec.gov/Archives/edgar/data/753308/0000753308-08-000003.txt,http://www.sec.gov/Archives/edgar/data/753308/000075330808000003/exhibit21.htm,1
753308,cw_4163,2009,1,,2009-02-27,http://www.sec.gov/Archives/edgar/data/753308/0000753308-09-000025.txt,http://www.sec.gov/Archives/edgar/data/753308/000075330809000025/exhibit21.htm,1
753308,cw_4163,2010,1,,2010-02-26,http://www.sec.gov/Archives/edgar/data/753308/0000753308-10-000025.txt,http://www.sec.gov/Archives/edgar/data/753308/000075330810000025/exhibit21.htm,1
753308,cw_4163,2011,1,,2011-02-28,http://www.sec.gov/Archives/edgar/data/753308/0000753308-11-000025.txt,http://www.sec.gov/Archives/edgar/data/753308/000075330811000025/exhibit21.htm,1
753308,cw_4163,2012,1,,2012-02-28,http://www.sec.gov/Archives/edgar/data/753308/0000753308-12-000025.txt,http://www.sec.gov/Archives/edgar/data/753308/000075330812000025/nee-12312011xex21.htm,1
753308,cw_4163,2013,1,,2013-02-28,http://www.sec.gov/Archives/edgar/data/753308/0000753308-13-000023.txt,http://www.sec.gov/Archives/edgar/data/753308/000075330813000023/nee-12312012xex21.htm,1
753308,cw_4163,2014,1,,2014-02-24,http://www.sec.gov/Archives/edgar/data/753308/0000753308-14-000025.txt,http://www.sec.gov/Archives/edgar/data/753308/000075330814000025/nee-12312013ex21.htm,1
753308,cw_4163,2015,1,,2015-02-20,http://www.sec.gov/Archives/edgar/data/753308/0000753308-15-000079.txt,http://www.sec.gov/Archives/edgar/data/753308/000075330815000079/nee-12312014ex21.htm,1
37996,cw_721,2003,1,,2003-03-14,http://www.sec.gov/Archives/edgar/data/37996/0000037996-03-000013.txt,http://www.sec.gov/Archives/edgar/data/37996/000003799603000013/eex21.txt,1
37996,cw_721,2004,1,,2004-03-12,http://www.sec.gov/Archives/edgar/data/37996/0000950124-04-000885.txt,http://www.sec.gov/Archives/edgar/data/37996/000095012404000885/k83502exv21.htm,1
37996,cw_721,2005,1,,2005-03-10,http://www.sec.gov/Archives/edgar/data/37996/0000950124-05-001427.txt,http://www.sec.gov/Archives/edgar/data/37996/000095012405001427/k91869exv21.htm,1
37996,cw_721,2006,1,,2006-03-01,http://www.sec.gov/Archives/edgar/data/37996/0000038009-06-000031.txt,http://www.sec.gov/Archives/edgar/data/37996/000003800906000031/ex21.htm,1
37996,cw_721,2006,4,,2006-11-14,http://www.sec.gov/Archives/edgar/data/37996/0001140361-06-016171.txt,http://www.sec.gov/Archives/edgar/data/37996/000114036106016171/ex21.htm,1
37996,cw_721,2007,1,,2007-02-28,http://www.sec.gov/Archives/edgar/data/37996/0000950124-07-001201.txt,http://www.sec.gov/Archives/edgar/data/37996/000095012407001201/k12522exv21.htm,1
37996,cw_721,2008,1,20071231,2008-02-27,http://www.sec.gov/Archives/edgar/data/37996/0001140361-08-005181.txt,http://www.sec.gov/Archives/edgar/data/37996/000114036108005181/ex21.htm,1
37996,cw_721,2009,1,,2009-02-26,http://www.sec.gov/Archives/edgar/data/37996/0001140361-09-005071.txt,http://www.sec.gov/Archives/edgar/data/37996/000114036109005071/ex21.htm,1
37996,cw_721,2010,1,,2010-02-25,http://www.sec.gov/Archives/edgar/data/37996/0001157523-10-001218.txt,http://www.sec.gov/Archives/edgar/data/37996/000115752310001218/a6182308ex21.htm,1
37996,cw_721,2011,1,,2011-02-28,http://www.sec.gov/Archives/edgar/data/37996/0001157523-11-001210.txt,http://www.sec.gov/Archives/edgar/data/37996/000115752311001210/a6622311_ex21.htm,1
37996,cw_721,2012,1,,2012-02-21,http://www.sec.gov/Archives/edgar/data/37996/0000037996-12-000007.txt,http://www.sec.gov/Archives/edgar/data/37996/000003799612000007/f12312011ex21.htm,1
37996,cw_721,2013,1,,2013-02-19,http://www.sec.gov/Archives/edgar/data/37996/0000037996-13-000014.txt,http://www.sec.gov/Archives/edgar/data/37996/000003799613000014/f12312012exhibit21.htm,1
37996,cw_721,2014,1,,2014-02-18,http://www.sec.gov/Archives/edgar/data/37996/0000037996-14-000010.txt,http://www.sec.gov/Archives/edgar/data/37996/000003799614000010/f12312013exhibit21.htm,1
37996,cw_721,2015,1,,2015-02-13,http://www.sec.gov/Archives/edgar/data/37996/0000037996-15-000013.txt,http://www.sec.gov/Archives/edgar/data/37996/000003799615000013/f12312014exhibit21.htm,1
37996,cw_721,2015,1,,2015-03-30,http://www.sec.gov/Archives/edgar/data/37996/0000037996-15-000017.txt,,1
37996,cw_721,2016,1,,2016-02-11,http://www.sec.gov/Archives/edgar/data/37996/0000037996-16-000092.txt,http://www.sec.gov/Archives/edgar/data/37996/000003799616000092/f12312015exhibit21.htm,1
1083269,cw_17399,2003,1,,2003-03-26,http://www.sec.gov/Archives/edgar/data/1083269/0001015402-03-000826.txt,http://www.sec.gov/Archives/edgar/data/1083269/000101540203000826/doc2.txt,1
1083269,cw_17399,2004,1,,2004-03-15,http://www.sec.gov/Archives/edgar/data/1083269/0001015402-04-001006.txt,http://www.sec.gov/Archives/edgar/data/1083269/000101540204001006/doc3.txt,1
1083269,cw_17399,2005,1,,2005-03-16,http://www.sec.gov/Archives/edgar/data/1083269/0001015402-05-001330.txt,http://www.sec.gov/Archives/edgar/data/1083269/000101540205001330/ex21.htm,1
1083269,cw_17399,2006,1,,2006-03-09,http://www.sec.gov/Archives/edgar/data/1083269/0001140361-06-003631.txt,http://www.sec.gov/Archives/edgar/data/1083269/000114036106003631/ex21.htm,1
1083269,cw_17399,2007,1,,2007-03-01,http://www.sec.gov/Archives/edgar/data/1083269/0001140361-07-004583.txt,http://www.sec.gov/Archives/edgar/data/1083269/000114036107004583/ex21.htm,1
1083269,cw_17399,2008,1,20071231,2008-02-28,http://www.sec.gov/Archives/edgar/data/1083269/0001140361-08-005230.txt,http://www.sec.gov/Archives/edgar/data/1083269/000114036108005230/ex21.htm,1
1083269,cw_17399,2009,1,,2009-02-26,http://www.sec.gov/Archives/edgar/data/1083269/0001083269-09-000003.txt,http://www.sec.gov/Archives/edgar/data/1083269/000108326909000003/exhibit21.htm,1
1451505,cw_17399,2009,1,,2009-02-26,http://www.sec.gov/Archives/edgar/data/1451505/0001451505-09-000022.txt,http://www.sec.gov/Archives/edgar/data/1451505/000145150509000022/exhibit21.htm,0
1451505,cw_17399,2010,1,,2010-02-24,http://www.sec.gov/Archives/edgar/data/1451505/0001451505-10-000023.txt,http://www.sec.gov/Archives/edgar/data/1451505/000145150510000023/exhibit21.htm,0
1451505,cw_17399,2011,1,,2011-02-28,http://www.sec.gov/Archives/edgar/data/1451505/0001451505-11-000032.txt,http://www.sec.gov/Archives/edgar/data/1451505/000145150511000032/exhibit21.htm,0
1451505,cw_17399,2012,1,,2012-02-27,http://www.sec.gov/Archives/edgar/data/1451505/0001451505-12-000030.txt,http://www.sec.gov/Archives/edgar/data/1451505/000145150512000030/exhibit21.htm,0
1451505,cw_17399,2013,1,,2013-03-01,http://www.sec.gov/Archives/edgar/data/1451505/0001451505-13-000040.txt,http://www.sec.gov/Archives/edgar/data/1451505/000145150513000040/exhibit21.htm,0
1451505,cw_17399,2014,1,,2014-02-27,http://www.sec.gov/Archives/edgar/data/1451505/0001451505-14-000031.txt,http://www.sec.gov/Archives/edgar/data/1451505/000145150514000031/exhibit21.htm,0
1451505,cw_17399,2015,1,,2015-02-26,http://www.sec.gov/Archives/edgar/data/1451505/0001451505-15-000029.txt,http://www.sec.gov/Archives/edgar/data/1451505/000145150515000029/exhibit21.htm,0
812074,cw_5583,2003,1,,2003-03-27,http://www.sec.gov/Archives/edgar/data/812074/0001047469-03-010557.txt,http://www.sec.gov/Archives/edgar/data/812074/000104746903010557/a2106089zex-21.htm,1
812074,cw_5583,2004,1,,2004-03-15,http://www.sec.gov/Archives/edgar/data/812074/0001047469-04-007941.txt,http://www.sec.gov/Archives/edgar/data/812074/000104746904007941/a2130443zex-21.htm,1
812074,cw_5583,2005,1,,2005-03-16,http://www.sec.gov/Archives/edgar/data/812074/0001047469-05-006751.txt,http://www.sec.gov/Archives/edgar/data/812074/000104746905006751/a2153665zex-21.htm,1
812074,cw_5583,2006,1,,2006-03-16,http://www.sec.gov/Archives/edgar/data/812074/0001104659-06-017125.txt,http://www.sec.gov/Archives/edgar/data/812074/000110465906017125/a06-6864_1ex21.htm,1
812074,cw_5583,2007,1,,2007-03-01,http://www.sec.gov/Archives/edgar/data/812074/0001104659-07-015390.txt,http://www.sec.gov/Archives/edgar/data/812074/000110465907015390/a07-5962_1ex21.htm,1
812074,cw_5583,2008,1,20071231,2008-02-29,http://www.sec.gov/Archives/edgar/data/812074/0001104659-08-014206.txt,http://www.sec.gov/Archives/edgar/data/812074/000110465908014206/a08-2811_1ex21.htm,1
812074,cw_5583,2009,1,,2009-02-17,http://www.sec.gov/Archives/edgar/data/812074/0001104659-09-010082.txt,http://www.sec.gov/Archives/edgar/data/812074/000110465909010082/a09-1539_1ex21.htm,1
812074,cw_5583,2010,1,,2010-02-10,http://www.sec.gov/Archives/edgar/data/812074/0001104659-10-006102.txt,http://www.sec.gov/Archives/edgar/data/812074/000110465910006102/a09-35364_1ex21.htm,1
812074,cw_5583,2011,1,,2011-02-10,http://www.sec.gov/Archives/edgar/data/812074/0001047469-11-000741.txt,http://www.sec.gov/Archives/edgar/data/812074/000104746911000741/a2201749zex-21.htm,1
812074,cw_5583,2012,1,,2012-02-09,http://www.sec.gov/Archives/edgar/data/812074/0001047469-12-000772.txt,http://www.sec.gov/Archives/edgar/data/812074/000104746912000772/a2207097zex-21.htm,1
812074,cw_5583,2013,1,,2013-02-13,http://www.sec.gov/Archives/edgar/data/812074/0001047469-13-000991.txt,http://www.sec.gov/Archives/edgar/data/812074/000104746913000991/a2212782zex-21.htm,1
812074,cw_5583,2014,1,,2014-02-13,http://www.sec.gov/Archives/edgar/data/812074/0001047469-14-000875.txt,http://www.sec.gov/Archives/edgar/data/812074/000104746914000875/a2218189zex-21.htm,1
812074,cw_5583,2015,1,,2015-02-11,http://www.sec.gov/Archives/edgar/data/812074/0001047469-15-000716.txt,http://www.sec.gov/Archives/edgar/data/812074/000104746915000716/a2222968zex-21.htm,1
320193,cw_2660,2003,4,,2003-12-19,http://www.sec.gov/Archives/edgar/data/320193/0001047469-03-041604.txt,http://www.sec.gov/Archives/edgar/data/320193/000104746903041604/a2124888zex-21.htm,1
320193,cw_2660,2004,4,,2004-12-03,http://www.sec.gov/Archives/edgar/data/320193/0001047469-04-035975.txt,http://www.sec.gov/Archives/edgar/data/320193/000104746904035975/a2147337zex-21.htm,1
320193,cw_2660,2005,4,,2005-12-01,http://www.sec.gov/Archives/edgar/data/320193/0001104659-05-058421.txt,http://www.sec.gov/Archives/edgar/data/320193/000110465905058421/a05-20674_1ex21.htm,1
320193,cw_2660,2006,4,,2006-12-29,http://www.sec.gov/Archives/edgar/data/320193/0001104659-06-084288.txt,http://www.sec.gov/Archives/edgar/data/320193/000110465906084288/a06-25759_2ex21.htm,1
320193,cw_2660,2007,4,,2007-11-15,http://www.sec.gov/Archives/edgar/data/320193/0001047469-07-009340.txt,http://www.sec.gov/Archives/edgar/data/320193/000104746907009340/a2181030zex-21.htm,1
320193,cw_2660,2008,4,20080927,2008-11-05,http://www.sec.gov/Archives/edgar/data/320193/0001193125-08-224958.txt,http://www.sec.gov/Archives/edgar/data/320193/000119312508224958/dex21.htm,1
320193,cw_2660,2009,4,,2009-10-27,http://www.sec.gov/Archives/edgar/data/320193/0001193125-09-214859.txt,http://www.sec.gov/Archives/edgar/data/320193/000119312509214859/dex211.htm,1
320193,cw_2660,2010,1,,2010-01-25,http://www.sec.gov/Archives/edgar/data/320193/0001193125-10-012091.txt,,1
320193,cw_2660,2010,4,,2010-10-27,http://www.sec.gov/Archives/edgar/data/320193/0001193125-10-238044.txt,http://www.sec.gov/Archives/edgar/data/320193/000119312510238044/dex211.htm,1
320193,cw_2660,2011,4,,2011-10-26,http://www.sec.gov/Archives/edgar/data/320193/0001193125-11-282113.txt,http://www.sec.gov/Archives/edgar/data/320193/000119312511282113/d220209dex211.htm,1
320193,cw_2660,2012,4,,2012-10-31,http://www.sec.gov/Archives/edgar/data/320193/0001193125-12-444068.txt,http://www.sec.gov/Archives/edgar/data/320193/000119312512444068/d411355dex211.htm,1
320193,cw_2660,2013,4,,2013-10-30,http://www.sec.gov/Archives/edgar/data/320193/0001193125-13-416534.txt,http://www.sec.gov/Archives/edgar/data/320193/000119312513416534/d590790dex211.htm,1
320193,cw_2660,2014,4,,2014-10-27,http://www.sec.gov/Archives/edgar/data/320193/0001193125-14-383437.txt,http://www.sec.gov/Archives/edgar/data/320193/000119312514383437/d783162dex211.htm,1
320193,cw_2660,2015,4,,2015-10-28,http://www.sec.gov/Archives/edgar/data/320193/0001193125-15-356351.txt,http://www.sec.gov/Archives/edgar/data/320193/000119312515356351/d17062dex211.htm,1
200406,cw_2039,2003,1,,2003-03-18,http://www.sec.gov/Archives/edgar/data/200406/0000950123-03-002936.txt,http://www.sec.gov/Archives/edgar/data/200406/000095012303002936/y83983exv21.txt,1
200406,cw_2039,2003,2,,2003-06-26,http://www.sec.gov/Archives/edgar/data/200406/0000950123-03-007503.txt,,1
200406,cw_2039,2004,1,,2004-03-11,http://www.sec.gov/Archives/edgar/data/200406/0000950123-04-003155.txt,http://www.sec.gov/Archives/edgar/data/200406/000095012304003155/y94471exv21.txt,1
200406,cw_2039,2005,1,,2005-03-15,http://www.sec.gov/Archives/edgar/data/200406/0000950123-05-003140.txt,http://www.sec.gov/Archives/edgar/data/200406/000095012305003140/y06203exv21.txt,1
200406,cw_2039,2006,1,,2006-03-14,http://www.sec.gov/Archives/edgar/data/200406/0000950123-06-003129.txt,http://www.sec.gov/Archives/edgar/data/200406/000095012306003129/y17887exv21.htm,1
200406,cw_2039,2007,1,,2007-02-21,http://www.sec.gov/Archives/edgar/data/200406/0000950123-07-002542.txt,http://www.sec.gov/Archives/edgar/data/200406/000095012307002542/y29901exv21.htm,1
200406,cw_2039,2008,1,20071230,2008-02-26,http://www.sec.gov/Archives/edgar/data/200406/0000950123-08-002130.txt,http://www.sec.gov/Archives/edgar/data/200406/000095012308002130/y47910exv21.htm,1
200406,cw_2039,2009,1,,2009-02-20,http://www.sec.gov/Archives/edgar/data/200406/0000950123-09-003187.txt,http://www.sec.gov/Archives/edgar/data/200406/000095012309003187/y74152exv21.htm,1
200406,cw_2039,2010,1,,2010-03-01,http://www.sec.gov/Archives/edgar/data/200406/0000950123-10-019392.txt,http://www.sec.gov/Archives/edgar/data/200406/000095012310019392/y80744exv21.htm,1
200406,cw_2039,2011,1,,2011-02-25,http://www.sec.gov/Archives/edgar/data/200406/0000950123-11-018128.txt,http://www.sec.gov/Archives/edgar/data/200406/000095012311018128/y86310kexv21.htm,1
200406,cw_2039,2012,1,,2012-02-23,http://www.sec.gov/Archives/edgar/data/200406/0001193125-12-075565.txt,http://www.sec.gov/Archives/edgar/data/200406/000119312512075565/d281803dex21.htm,1
200406,cw_2039,2013,1,,2013-02-22,http://www.sec.gov/Archives/edgar/data/200406/0000200406-13-000038.txt,http://www.sec.gov/Archives/edgar/data/200406/000020040613000038/ex21-subsidiariesxform10xk.htm,1
200406,cw_2039,2014,1,,2014-02-21,http://www.sec.gov/Archives/edgar/data/200406/0000200406-14-000033.txt,http://www.sec.gov/Archives/edgar/data/200406/000020040614000033/ex21-subsidiariesxform10xk.htm,1
200406,cw_2039,2015,1,,2015-02-24,http://www.sec.gov/Archives/edgar/data/200406/0000200406-15-000004.txt,http://www.sec.gov/Archives/edgar/data/200406/000020040615000004/ex21-subsidiariesxform10xk.htm,1
723125,cw_3529,2003,4,,2003-10-15,http://www.sec.gov/Archives/edgar/data/723125/0001047469-03-033422.txt,http://www.sec.gov/Archives/edgar/data/723125/000104746903033422/a2120427zex-21_1.htm,1
723125,cw_3529,2004,4,,2004-10-15,http://www.sec.gov/Archives/edgar/data/723125/0001104659-04-030617.txt,http://www.sec.gov/Archives/edgar/data/723125/000110465904030617/a04-11602_1ex21d1.htm,1
723125,cw_3529,2005,4,,2005-11-04,http://www.sec.gov/Archives/edgar/data/723125/0001104659-05-052716.txt,http://www.sec.gov/Archives/edgar/data/723125/000110465905052716/a05-19263_1ex21d1.htm,1
723125,cw_3529,2006,4,,2006-11-08,http://www.sec.gov/Archives/edgar/data/723125/0001104659-06-072331.txt,http://www.sec.gov/Archives/edgar/data/723125/000110465906072331/a06-20825_2ex21d1.htm,1
723125,cw_3529,2007,4,,2007-10-26,http://www.sec.gov/Archives/edgar/data/723125/0000723125-07-000108.txt,http://www.sec.gov/Archives/edgar/data/723125/000072312507000108/exhibit21_1.htm,1
723125,cw_3529,2008,4,20081008,2008-10-27,http://www.sec.gov/Archives/edgar/data/723125/0000723125-08-000111.txt,http://www.sec.gov/Archives/edgar/data/723125/000072312508000111/exhibit21-1.htm,1
723125,cw_3529,2009,4,,2009-10-28,http://www.sec.gov/Archives/edgar/data/723125/0000723125-09-000128.txt,http://www.sec.gov/Archives/edgar/data/723125/000072312509000128/exhibit21-1.htm,1
723125,cw_3529,2010,4,,2010-10-26,http://www.sec.gov/Archives/edgar/data/723125/0000723125-10-000174.txt,http://www.sec.gov/Archives/edgar/data/723125/000072312510000174/exhibit_21-1.htm,1
723125,cw_3529,2011,4,,2011-10-25,http://www.sec.gov/Archives/edgar/data/723125/0000723125-11-000189.txt,http://www.sec.gov/Archives/edgar/data/723125/000072312511000189/mu-ex211x912011.htm,1
723125,cw_3529,2012,4,,2012-10-29,http://www.sec.gov/Archives/edgar/data/723125/0000723125-12-000156.txt,http://www.sec.gov/Archives/edgar/data/723125/000072312512000156/a2012q4ex21-1.htm,1
723125,cw_3529,2013,4,,2013-10-28,http://www.sec.gov/Archives/edgar/data/723125/0000723125-13-000228.txt,http://www.sec.gov/Archives/edgar/data/723125/000072312513000228/a2013q4ex211subsidiariesof.htm,1
723125,cw_3529,2014,4,,2014-10-27,http://www.sec.gov/Archives/edgar/data/723125/0000723125-14-000195.txt,http://www.sec.gov/Archives/edgar/data/723125/000072312514000195/a2014q4ex211subsidiariesof.htm,1
723125,cw_3529,2015,4,,2015-10-27,http://www.sec.gov/Archives/edgar/data/723125/0000723125-15-000112.txt,http://www.sec.gov/Archives/edgar/data/723125/000072312515000112/a2015q4ex211subsidiariesof.htm,1
797468,cw_5077,2003,1,,2003-03-04,http://www.sec.gov/Archives/edgar/data/797468/0000797468-03-000111.txt,http://www.sec.gov/Archives/edgar/data/797468/000079746803000111/ex21-20021231.txt,1
797468,cw_5077,2004,1,,2004-03-01,http://www.sec.gov/Archives/edgar/data/797468/0000797468-04-000033.txt,http://www.sec.gov/Archives/edgar/data/797468/000079746804000033/ex21-20031231.txt,1
797468,cw_5077,2005,1,,2005-03-01,http://www.sec.gov/Archives/edgar/data/797468/0000797468-05-000041.txt,http://www.sec.gov/Archives/edgar/data/797468/000079746805000041/ex2100-20041231.txt,1
797468,cw_5077,2006,1,,2006-03-01,http://www.sec.gov/Archives/edgar/data/797468/0000797468-06-000031.txt,http://www.sec.gov/Archives/edgar/data/797468/000079746806000031/ex21-200510k.htm,1
797468,cw_5077,2007,1,,2007-02-27,http://www.sec.gov/Archives/edgar/data/797468/0000797468-07-000027.txt,http://www.sec.gov/Archives/edgar/data/797468/000079746807000027/ex21-200610k.htm,1
797468,cw_5077,2008,1,20071231,2008-02-22,http://www.sec.gov/Archives/edgar/data/797468/0000797468-08-000026.txt,http://www.sec.gov/Archives/edgar/data/797468/000079746808000026/exhibit21-2007.htm,1
797468,cw_5077,2009,1,,2009-02-24,http://www.sec.gov/Archives/edgar/data/797468/0000797468-09-000015.txt,http://www.sec.gov/Archives/edgar/data/797468/000079746809000015/exhibit21-2008.htm,1
797468,cw_5077,2010,1,,2010-02-25,http://www.sec.gov/Archives/edgar/data/797468/0000797468-10-000020.txt,http://www.sec.gov/Archives/edgar/data/797468/000079746810000020/ex21-2009.htm,1
797468,cw_5077,2011,1,,2011-02-24,http://www.sec.gov/Archives/edgar/data/797468/0000797468-11-000026.txt,http://www.sec.gov/Archives/edgar/data/797468/000079746811000026/ex21-2010.htm,1
797468,cw_5077,2012,1,,2012-02-23,http://www.sec.gov/Archives/edgar/data/797468/0000797468-12-000016.txt,http://www.sec.gov/Archives/edgar/data/797468/000079746812000016/ex21-2011.htm,1
797468,cw_5077,2013,1,,2013-02-26,http://www.sec.gov/Archives/edgar/data/797468/0000797468-13-000011.txt,http://www.sec.gov/Archives/edgar/data/797468/000079746813000011/oxyex2110k2012.htm,1
797468,cw_5077,2014,1,,2014-03-03,http://www.sec.gov/Archives/edgar/data/797468/0000797468-14-000011.txt,http://www.sec.gov/Archives/edgar/data/797468/000079746814000011/exhibit2112312013.htm,1
797468,cw_5077,2015,1,,2015-02-23,http://www.sec.gov/Archives/edgar/data/797468/0000797468-15-000003.txt,http://www.sec.gov/Archives/edgar/data/797468/000079746815000003/oxyex2112312014.htm,1
34088,cw_635,2003,1,,2003-03-26,http://www.sec.gov/Archives/edgar/data/34088/0000930661-03-001208.txt,http://www.sec.gov/Archives/edgar/data/34088/000093066103001208/dex21.htm,1
34088,cw_635,2004,1,,2004-03-15,http://www.sec.gov/Archives/edgar/data/34088/0001193125-04-041877.txt,http://www.sec.gov/Archives/edgar/data/34088/000119312504041877/dex21.htm,1
34088,cw_635,2005,1,,2005-02-28,http://www.sec.gov/Archives/edgar/data/34088/0001193125-05-038144.txt,http://www.sec.gov/Archives/edgar/data/34088/000119312505038144/dex21.htm,1
34088,cw_635,2006,1,,2006-02-28,http://www.sec.gov/Archives/edgar/data/34088/0001193125-06-040951.txt,http://www.sec.gov/Archives/edgar/data/34088/000119312506040951/dex21.htm,1
34088,cw_635,2007,1,,2007-02-28,http://www.sec.gov/Archives/edgar/data/34088/0001193125-07-042435.txt,http://www.sec.gov/Archives/edgar/data/34088/000119312507042435/dex21.htm,1
34088,cw_635,2008,1,20071231,2008-02-28,http://www.sec.gov/Archives/edgar/data/34088/0001193125-08-041781.txt,http://www.sec.gov/Archives/edgar/data/34088/000119312508041781/dex21.htm,1
34088,cw_635,2009,1,,2009-02-27,http://www.sec.gov/Archives/edgar/data/34088/0001193125-09-040966.txt,http://www.sec.gov/Archives/edgar/data/34088/000119312509040966/dex21.htm,1
34088,cw_635,2010,1,,2010-02-26,http://www.sec.gov/Archives/edgar/data/34088/0001193125-10-042929.txt,http://www.sec.gov/Archives/edgar/data/34088/000119312510042929/dex21.htm,1
34088,cw_635,2011,1,,2011-02-28,http://www.sec.gov/Archives/edgar/data/34088/0001193125-11-050134.txt,http://www.sec.gov/Archives/edgar/data/34088/000119312511050134/dex21.htm,1
34088,cw_635,2011,1,,2011-02-25,http://www.sec.gov/Archives/edgar/data/34088/0001193125-11-047394.txt,http://www.sec.gov/Archives/edgar/data/34088/000119312511047394/dex21.htm,1
34088,cw_635,2012,1,,2012-02-24,http://www.sec.gov/Archives/edgar/data/34088/0001193125-12-078102.txt,http://www.sec.gov/Archives/edgar/data/34088/000119312512078102/d257530dex21.htm,1
34088,cw_635,2013,1,,2013-02-27,http://www.sec.gov/Archives/edgar/data/34088/0000034088-13-000011.txt,http://www.sec.gov/Archives/edgar/data/34088/000003408813000011/xomexhibit21.htm,1
34088,cw_635,2014,1,,2014-02-26,http://www.sec.gov/Archives/edgar/data/34088/0000034088-14-000012.txt,http://www.sec.gov/Archives/edgar/data/34088/000003408814000012/xomexhibit21.htm,1
34088,cw_635,2015,1,,2015-02-25,http://www.sec.gov/Archives/edgar/data/34088/0000034088-15-000013.txt,http://www.sec.gov/Archives/edgar/data/34088/000003408815000013/xomexhibit21.htm,1
40545,cw_769,2003,1,,2003-03-07,http://www.sec.gov/Archives/edgar/data/40545/0000040545-03-000016.txt,http://www.sec.gov/Archives/edgar/data/40545/000004054503000016/ex21.htm,1
40545,cw_769,2004,1,,2004-03-01,http://www.sec.gov/Archives/edgar/data/40545/0000040545-04-000013.txt,http://www.sec.gov/Archives/edgar/data/40545/000004054504000013/ex21.htm,1
40545,cw_769,2005,1,,2005-03-01,http://www.sec.gov/Archives/edgar/data/40545/0000040545-05-000020.txt,http://www.sec.gov/Archives/edgar/data/40545/000004054505000020/ex21.htm,1
40545,cw_769,2005,2,,2005-05-06,http://www.sec.gov/Archives/edgar/data/40545/0000040545-05-000032.txt,,1
40545,cw_769,2006,1,,2006-03-03,http://www.sec.gov/Archives/edgar/data/40545/0000040545-06-000009.txt,http://www.sec.gov/Archives/edgar/data/40545/000004054506000009/ex21.htm,1
40545,cw_769,2007,1,,2007-01-19,http://www.sec.gov/Archives/edgar/data/40545/0000040545-07-000007.txt,,1
40545,cw_769,2007,1,,2007-02-27,http://www.sec.gov/Archives/edgar/data/40545/0000040545-07-000017.txt,http://www.sec.gov/Archives/edgar/data/40545/000004054507000017/ex21.htm,1
40545,cw_769,2008,1,20071231,2008-02-20,http://www.sec.gov/Archives/edgar/data/40545/0000040545-08-000011.txt,http://www.sec.gov/Archives/edgar/data/40545/000004054508000011/ex21.htm,1
40545,cw_769,2009,1,,2009-02-18,http://www.sec.gov/Archives/edgar/data/40545/0000040545-09-000012.txt,http://www.sec.gov/Archives/edgar/data/40545/000004054509000012/ex21.htm,1
40545,cw_769,2010,1,,2010-02-19,http://www.sec.gov/Archives/edgar/data/40545/0000040545-10-000010.txt,http://www.sec.gov/Archives/edgar/data/40545/000004054510000010/ex21.htm,1
40545,cw_769,2011,1,,2011-02-25,http://www.sec.gov/Archives/edgar/data/40545/0001193125-11-047479.txt,http://www.sec.gov/Archives/edgar/data/40545/000119312511047479/dex21.htm,1
40545,cw_769,2012,1,,2012-02-24,http://www.sec.gov/Archives/edgar/data/40545/0000040545-12-000016.txt,http://www.sec.gov/Archives/edgar/data/40545/000004054512000016/ge2011exhibit21.htm,1
40545,cw_769,2013,1,,2013-02-26,http://www.sec.gov/Archives/edgar/data/40545/0000040545-13-000036.txt,http://www.sec.gov/Archives/edgar/data/40545/000004054513000036/exhibit21.htm,1
40545,cw_769,2014,1,,2014-02-27,http://www.sec.gov/Archives/edgar/data/40545/0000040554-14-000023.txt,http://www.sec.gov/Archives/edgar/data/40545/000004055414000023/exhibit21.htm,1
40545,cw_769,2015,1,,2015-02-27,http://www.sec.gov/Archives/edgar/data/40545/0000040545-15-000030.txt,http://www.sec.gov/Archives/edgar/data/40545/000004054515000030/ge10k2014ex21.htm,1
80424,cw_1475,2003,3,,2003-09-11,http://www.sec.gov/Archives/edgar/data/80424/0000950152-03-008195.txt,http://www.sec.gov/Archives/edgar/data/80424/000095015203008195/l02788aexv21.txt,1
80424,cw_1475,2004,3,,2004-09-09,http://www.sec.gov/Archives/edgar/data/80424/0000950152-04-006777.txt,http://www.sec.gov/Archives/edgar/data/80424/000095015204006777/l09389aexv21.txt,1
80424,cw_1475,2005,3,,2005-08-29,http://www.sec.gov/Archives/edgar/data/80424/0000950152-05-007351.txt,http://www.sec.gov/Archives/edgar/data/80424/000095015205007351/l15436aexv21.txt,1
80424,cw_1475,2006,3,,2006-08-29,http://www.sec.gov/Archives/edgar/data/80424/0000950152-06-007291.txt,http://www.sec.gov/Archives/edgar/data/80424/000095015206007291/l21828aexv21.htm,1
80424,cw_1475,2007,3,,2007-08-28,http://www.sec.gov/Archives/edgar/data/80424/0000950152-07-007152.txt,http://www.sec.gov/Archives/edgar/data/80424/000095015207007152/l27490aexv21.htm,1
80424,cw_1475,2008,3,20080630,2008-08-28,http://www.sec.gov/Archives/edgar/data/80424/0000950152-08-006832.txt,http://www.sec.gov/Archives/edgar/data/80424/000095015208006832/l32996aexv21.htm,1
80424,cw_1475,2008,4,0,2008-10-03,http://www.sec.gov/Archives/edgar/data/80424/0000950152-08-007680.txt,,1
80424,cw_1475,2009,3,,2009-08-14,http://www.sec.gov/Archives/edgar/data/80424/0001193125-09-175986.txt,http://www.sec.gov/Archives/edgar/data/80424/000119312509175986/dex21.htm,1
80424,cw_1475,2010,3,,2010-08-13,http://www.sec.gov/Archives/edgar/data/80424/0001193125-10-188769.txt,http://www.sec.gov/Archives/edgar/data/80424/000119312510188769/dex21.htm,1
80424,cw_1475,2011,3,,2011-08-10,http://www.sec.gov/Archives/edgar/data/80424/0000080424-11-000014.txt,http://www.sec.gov/Archives/edgar/data/80424/000008042411000014/exhibit21.htm,1
80424,cw_1475,2012,3,,2012-08-08,http://www.sec.gov/Archives/edgar/data/80424/0000080424-12-000063.txt,http://www.sec.gov/Archives/edgar/data/80424/000008042412000063/fy2012exhibit21.htm,1
80424,cw_1475,2013,3,,2013-08-08,http://www.sec.gov/Archives/edgar/data/80424/0000080424-13-000063.txt,http://www.sec.gov/Archives/edgar/data/80424/000008042413000063/fy2013exhibit21.htm,1
80424,cw_1475,2014,3,,2014-08-08,http://www.sec.gov/Archives/edgar/data/80424/0000080424-14-000057.txt,http://www.sec.gov/Archives/edgar/data/80424/000008042414000057/fy2014exhibit21.htm,1
80424,cw_1475,2015,3,,2015-08-07,http://www.sec.gov/Archives/edgar/data/80424/0000080424-15-000070.txt,http://www.sec.gov/Archives/edgar/data/80424/000008042415000070/fy141510-kexhibit21.htm,1
1276520,cw_34475,2005,1,,2005-03-01,http://www.sec.gov/Archives/edgar/data/1276520/0001193125-05-039516.txt,http://www.sec.gov/Archives/edgar/data/1276520/000119312505039516/dex21.htm,1
1276520,cw_34475,2006,1,,2006-02-27,http://www.sec.gov/Archives/edgar/data/1276520/0001193125-06-039300.txt,http://www.sec.gov/Archives/edgar/data/1276520/000119312506039300/dex21.htm,1
1276520,cw_34475,2007,1,,2007-02-28,http://www.sec.gov/Archives/edgar/data/1276520/0001193125-07-042851.txt,http://www.sec.gov/Archives/edgar/data/1276520/000119312507042851/dex21.htm,1
1276520,cw_34475,2008,1,20071231,2008-02-28,http://www.sec.gov/Archives/edgar/data/1276520/0001193125-08-041475.txt,http://www.sec.gov/Archives/edgar/data/1276520/000119312508041475/dex21.htm,1
1276520,cw_34475,2009,1,,2009-03-02,http://www.sec.gov/Archives/edgar/data/1276520/0001193125-09-041694.txt,http://www.sec.gov/Archives/edgar/data/1276520/000119312509041694/dex21.htm,1
1276520,cw_34475,2010,1,,2010-02-26,http://www.sec.gov/Archives/edgar/data/1276520/0001193125-10-041949.txt,http://www.sec.gov/Archives/edgar/data/1276520/000119312510041949/dex21.htm,1
1276520,cw_34475,2011,1,,2011-02-25,http://www.sec.gov/Archives/edgar/data/1276520/0001193125-11-047536.txt,http://www.sec.gov/Archives/edgar/data/1276520/000119312511047536/dex21.htm,1
1276520,cw_34475,2012,1,,2012-02-27,http://www.sec.gov/Archives/edgar/data/1276520/0001193125-12-081737.txt,http://www.sec.gov/Archives/edgar/data/1276520/000119312512081737/d264172dex21.htm,1
1276520,cw_34475,2013,1,,2013-02-28,http://www.sec.gov/Archives/edgar/data/1276520/0001193125-13-081960.txt,http://www.sec.gov/Archives/edgar/data/1276520/000119312513081960/d437858dex21.htm,1
1276520,cw_34475,2014,1,,2014-03-03,http://www.sec.gov/Archives/edgar/data/1276520/0001193125-14-078864.txt,http://www.sec.gov/Archives/edgar/data/1276520/000119312514078864/d645067dex21.htm,1
1276520,cw_34475,2015,1,,2015-03-02,http://www.sec.gov/Archives/edgar/data/1276520/0001193125-15-072748.txt,http://www.sec.gov/Archives/edgar/data/1276520/000119312515072748/d840962dex21.htm,1
1047862,cw_14997,2003,1,,2003-02-27,http://www.sec.gov/Archives/edgar/data/1047862/0001047469-03-007134.txt,http://www.sec.gov/Archives/edgar/data/1047862/000104746903007134/a2103728zex-21_1.txt,1
1047862,cw_14997,2004,1,,2004-02-24,http://www.sec.gov/Archives/edgar/data/1047862/0001047469-04-005477.txt,http://www.sec.gov/Archives/edgar/data/1047862/000104746904005477/a2129103zex-21_1.htm,1
1047862,cw_14997,2005,1,,2005-02-25,http://www.sec.gov/Archives/edgar/data/1047862/0001193125-05-037439.txt,,1
1047862,cw_14997,2006,1,,2006-02-22,http://www.sec.gov/Archives/edgar/data/1047862/0001193125-06-036760.txt,,1
1047862,cw_14997,2007,1,,2007-02-21,http://www.sec.gov/Archives/edgar/data/1047862/0001193125-07-036143.txt,,1
1047862,cw_14997,2008,1,0,2008-02-22,http://www.sec.gov/Archives/edgar/data/1047862/0001193125-08-036146.txt,,1
1047862,cw_14997,2009,1,,2009-02-23,http://www.sec.gov/Archives/edgar/data/1047862/0001193125-09-034924.txt,,1
1047862,cw_14997,2010,1,,2010-02-22,http://www.sec.gov/Archives/edgar/data/1047862/0001193125-10-036116.txt,,1
1047862,cw_14997,2011,1,,2011-02-22,http://www.sec.gov/Archives/edgar/data/1047862/0001193125-11-042145.txt,,1
1047862,cw_14997,2012,1,,2012-02-21,http://www.sec.gov/Archives/edgar/data/1047862/0001193125-12-069828.txt,,1
1047862,cw_14997,2013,1,,2013-02-21,http://www.sec.gov/Archives/edgar/data/1047862/0001193125-13-069310.txt,,1
1047862,cw_14997,2014,1,,2014-02-21,http://www.sec.gov/Archives/edgar/data/1047862/0001193125-14-061037.txt,,1
1047862,cw_14997,2015,1,,2015-02-19,http://www.sec.gov/Archives/edgar/data/1047862/0001193125-15-054350.txt,,1
1001039,cw_11817,2003,4,,2003-12-12,http://www.sec.gov/Archives/edgar/data/1001039/0000950148-03-002883.txt,http://www.sec.gov/Archives/edgar/data/1001039/000095014803002883/v95088exv21.htm,1
1001039,cw_11817,2004,4,,2004-12-13,http://www.sec.gov/Archives/edgar/data/1001039/0000950129-04-009716.txt,http://www.sec.gov/Archives/edgar/data/1001039/000095012904009716/v03881exv21.htm,1
1001039,cw_11817,2005,4,,2005-12-07,http://www.sec.gov/Archives/edgar/data/1001039/0000950148-05-000128.txt,http://www.sec.gov/Archives/edgar/data/1001039/000095014805000128/v14978exv21.htm,1
1001039,cw_11817,2006,4,,2006-11-22,http://www.sec.gov/Archives/edgar/data/1001039/0001193125-06-241109.txt,http://www.sec.gov/Archives/edgar/data/1001039/000119312506241109/dex21.htm,1
1001039,cw_11817,2007,4,,2007-11-21,http://www.sec.gov/Archives/edgar/data/1001039/0001193125-07-252227.txt,http://www.sec.gov/Archives/edgar/data/1001039/000119312507252227/dex21.htm,1
1001039,cw_11817,2008,4,20080927,2008-11-20,http://www.sec.gov/Archives/edgar/data/1001039/0001193125-08-240242.txt,http://www.sec.gov/Archives/edgar/data/1001039/000119312508240242/dex21.htm,1
1001039,cw_11817,2009,4,,2009-12-02,http://www.sec.gov/Archives/edgar/data/1001039/0001193125-09-245848.txt,http://www.sec.gov/Archives/edgar/data/1001039/000119312509245848/dex21.htm,1
1001039,cw_11817,2010,4,,2010-11-24,http://www.sec.gov/Archives/edgar/data/1001039/0001193125-10-268910.txt,http://www.sec.gov/Archives/edgar/data/1001039/000119312510268910/dex21.htm,1
1001039,cw_11817,2011,4,,2011-11-23,http://www.sec.gov/Archives/edgar/data/1001039/0001193125-11-321340.txt,http://www.sec.gov/Archives/edgar/data/1001039/000119312511321340/d232174dex21.htm,1
1001039,cw_11817,2012,4,,2012-11-21,http://www.sec.gov/Archives/edgar/data/1001039/0001193125-12-479027.txt,http://www.sec.gov/Archives/edgar/data/1001039/000119312512479027/d405160dex21.htm,1
1001039,cw_11817,2013,4,,2013-11-20,http://www.sec.gov/Archives/edgar/data/1001039/0001001039-13-000164.txt,http://www.sec.gov/Archives/edgar/data/1001039/000100103913000164/fy2013_q4x10kxex21.htm,1
1001039,cw_11817,2014,4,,2014-11-19,http://www.sec.gov/Archives/edgar/data/1001039/0001001039-14-000228.txt,http://www.sec.gov/Archives/edgar/data/1001039/000100103914000228/fy2014_q4x10kxex21.htm,1
1001039,cw_11817,2015,4,,2015-11-25,http://www.sec.gov/Archives/edgar/data/1001039/0001001039-15-000255.txt,http://www.sec.gov/Archives/edgar/data/1001039/000100103915000255/fy2015_q4x10kxex21.htm,1
1090727,cw_17973,2003,1,,2003-03-06,http://www.sec.gov/Archives/edgar/data/1090727/0000950144-03-002770.txt,http://www.sec.gov/Archives/edgar/data/1090727/000095014403002770/g80387exv21.txt,1
1090727,cw_17973,2004,1,,2004-03-05,http://www.sec.gov/Archives/edgar/data/1090727/0000950144-04-002063.txt,http://www.sec.gov/Archives/edgar/data/1090727/000095014404002063/g86647exv21.txt,1
1090727,cw_17973,2005,1,,2005-03-14,http://www.sec.gov/Archives/edgar/data/1090727/0001193125-05-049642.txt,http://www.sec.gov/Archives/edgar/data/1090727/000119312505049642/dex21.htm,1
1090727,cw_17973,2006,1,,2006-03-14,http://www.sec.gov/Archives/edgar/data/1090727/0001193125-06-053695.txt,http://www.sec.gov/Archives/edgar/data/1090727/000119312506053695/dex21.htm,1
1090727,cw_17973,2007,1,,2007-03-01,http://www.sec.gov/Archives/edgar/data/1090727/0001193125-07-044043.txt,http://www.sec.gov/Archives/edgar/data/1090727/000119312507044043/dex21.htm,1
1090727,cw_17973,2008,1,20071231,2008-02-29,http://www.sec.gov/Archives/edgar/data/1090727/0001193125-08-043891.txt,http://www.sec.gov/Archives/edgar/data/1090727/000119312508043891/dex21.htm,1
1090727,cw_17973,2009,1,,2009-02-27,http://www.sec.gov/Archives/edgar/data/1090727/0001193125-09-040973.txt,http://www.sec.gov/Archives/edgar/data/1090727/000119312509040973/dex21.htm,1
1090727,cw_17973,2010,1,,2010-02-26,http://www.sec.gov/Archives/edgar/data/1090727/0001193125-10-042908.txt,http://www.sec.gov/Archives/edgar/data/1090727/000119312510042908/dex21.htm,1
1090727,cw_17973,2011,1,,2011-02-28,http://www.sec.gov/Archives/edgar/data/1090727/0001193125-11-049356.txt,http://www.sec.gov/Archives/edgar/data/1090727/000119312511049356/dex21.htm,1
1090727,cw_17973,2012,1,,2012-02-27,http://www.sec.gov/Archives/edgar/data/1090727/0001193125-12-081067.txt,http://www.sec.gov/Archives/edgar/data/1090727/000119312512081067/d274494dex21.htm,1
1090727,cw_17973,2013,1,,2013-02-28,http://www.sec.gov/Archives/edgar/data/1090727/0001090727-13-000005.txt,http://www.sec.gov/Archives/edgar/data/1090727/000109072713000005/ups-12312012xexhibit21.htm,1
1090727,cw_17973,2014,1,,2014-02-28,http://www.sec.gov/Archives/edgar/data/1090727/0001090727-14-000009.txt,http://www.sec.gov/Archives/edgar/data/1090727/000109072714000009/ups-12312013xexhibit21.htm,1
1090727,cw_17973,2015,1,,2015-02-27,http://www.sec.gov/Archives/edgar/data/1090727/0001090727-15-000008.txt,http://www.sec.gov/Archives/edgar/data/1090727/000109072715000008/ups-12312014xexhibit21.htm,1
1099219,cw_18613,2003,1,,2003-03-19,http://www.sec.gov/Archives/edgar/data/1099219/0000950123-03-002997.txt,http://www.sec.gov/Archives/edgar/data/1099219/000095012303002997/y84177exv21w1.txt,1
1099219,cw_18613,2004,1,,2004-03-05,http://www.sec.gov/Archives/edgar/data/1099219/0000950123-04-002912.txt,http://www.sec.gov/Archives/edgar/data/1099219/000095012304002912/y94438exv21w1.txt,1
1099219,cw_18613,2005,1,,2005-03-07,http://www.sec.gov/Archives/edgar/data/1099219/0000950123-05-002679.txt,http://www.sec.gov/Archives/edgar/data/1099219/000095012305002679/y06100exv21w1.txt,1
1099219,cw_18613,2006,1,,2006-02-28,http://www.sec.gov/Archives/edgar/data/1099219/0000950123-06-002375.txt,http://www.sec.gov/Archives/edgar/data/1099219/000095012306002375/y16723exv21w1.txt,1
1099219,cw_18613,2007,1,,2007-03-01,http://www.sec.gov/Archives/edgar/data/1099219/0000950123-07-003039.txt,http://www.sec.gov/Archives/edgar/data/1099219/000095012307003039/y30660exv21w1.htm,1
1099219,cw_18613,2008,1,20071231,2008-02-28,http://www.sec.gov/Archives/edgar/data/1099219/0000950123-08-002274.txt,http://www.sec.gov/Archives/edgar/data/1099219/000095012308002274/y48170exv21w1.htm,1
1099219,cw_18613,2009,1,,2009-03-02,http://www.sec.gov/Archives/edgar/data/1099219/0000950123-09-003725.txt,http://www.sec.gov/Archives/edgar/data/1099219/000095012309003725/y74655exv21w1.htm,1
1099219,cw_18613,2010,1,,2010-02-26,http://www.sec.gov/Archives/edgar/data/1099219/0000950123-10-018284.txt,http://www.sec.gov/Archives/edgar/data/1099219/000095012310018284/y81517exv21w1.htm,1
1099219,cw_18613,2010,4,,2010-11-22,http://www.sec.gov/Archives/edgar/data/1099219/0000950123-10-107876.txt,,1
1099219,cw_18613,2011,1,,2011-03-01,http://www.sec.gov/Archives/edgar/data/1099219/0000950123-11-020706.txt,,1
1099219,cw_18613,2011,1,,2011-02-25,http://www.sec.gov/Archives/edgar/data/1099219/0000950123-11-018077.txt,http://www.sec.gov/Archives/edgar/data/1099219/000095012311018077/y87657exv21w1.htm,1
1099219,cw_18613,2012,1,,2012-02-28,http://www.sec.gov/Archives/edgar/data/1099219/0001193125-12-085720.txt,http://www.sec.gov/Archives/edgar/data/1099219/000119312512085720/d302570dex211.htm,1
1099219,cw_18613,2013,1,,2013-02-27,http://www.sec.gov/Archives/edgar/data/1099219/0001193125-13-077792.txt,http://www.sec.gov/Archives/edgar/data/1099219/000119312513077792/d450627dex211.htm,1
1099219,cw_18613,2014,1,,2014-02-27,http://www.sec.gov/Archives/edgar/data/1099219/0000937834-14-000011.txt,http://www.sec.gov/Archives/edgar/data/1099219/000093783414000011/met-xexhibit211metlifesubs.htm,1
1099219,cw_18613,2015,1,,2015-02-27,http://www.sec.gov/Archives/edgar/data/1099219/0000937834-15-000009.txt,http://www.sec.gov/Archives/edgar/data/1099219/000093783415000009/met-20141231ex211metlifesu.htm,1
1111711,cw_19495,2003,1,,2003-03-07,http://www.sec.gov/Archives/edgar/data/1111711/0000893220-03-000256.txt,,1
1111711,cw_19495,2003,1,,2003-03-03,http://www.sec.gov/Archives/edgar/data/1111711/0000893220-03-000230.txt,http://www.sec.gov/Archives/edgar/data/1111711/000089322003000230/w83926exv21.txt,1
1111711,cw_19495,2004,1,,2004-03-12,http://www.sec.gov/Archives/edgar/data/1111711/0000950137-04-001796.txt,http://www.sec.gov/Archives/edgar/data/1111711/000095013704001796/c83669exv21.txt,1
1111711,cw_19495,2005,1,,2005-03-09,http://www.sec.gov/Archives/edgar/data/1111711/0000950137-05-002819.txt,http://www.sec.gov/Archives/edgar/data/1111711/000095013705002819/c92732exv21.htm,1
1111711,cw_19495,2006,1,,2006-01-27,http://www.sec.gov/Archives/edgar/data/1111711/0000950137-06-000984.txt,,1
1111711,cw_19495,2006,1,,2006-03-10,http://www.sec.gov/Archives/edgar/data/1111711/0000950134-06-004660.txt,http://www.sec.gov/Archives/edgar/data/1111711/000095013406004660/c03079exv21.htm,1
1111711,cw_19495,2007,1,,2007-03-01,http://www.sec.gov/Archives/edgar/data/1111711/0000950137-07-003072.txt,http://www.sec.gov/Archives/edgar/data/1111711/000095013707003072/c12445exv21.htm,1
1111711,cw_19495,2008,1,20071231,2008-03-05,http://www.sec.gov/Archives/edgar/data/1111711/0000950137-08-003307.txt,http://www.sec.gov/Archives/edgar/data/1111711/000095013708003307/c23373exv21.htm,1
1111711,cw_19495,2009,1,,2009-02-27,http://www.sec.gov/Archives/edgar/data/1111711/0000950152-09-001944.txt,http://www.sec.gov/Archives/edgar/data/1111711/000095015209001944/c48955exv21.htm,1
1111711,cw_19495,2010,1,,2010-02-26,http://www.sec.gov/Archives/edgar/data/1111711/0000950123-10-017958.txt,http://www.sec.gov/Archives/edgar/data/1111711/000095012310017958/c55429exv21.htm,1
1111711,cw_19495,2011,1,,2011-02-28,http://www.sec.gov/Archives/edgar/data/1111711/0000950123-11-019598.txt,http://www.sec.gov/Archives/edgar/data/1111711/000095012311019598/c62032exv21.htm,1
1111711,cw_19495,2012,1,,2012-02-24,http://www.sec.gov/Archives/edgar/data/1111711/0001193125-12-077712.txt,http://www.sec.gov/Archives/edgar/data/1111711/000119312512077712/d260054dex21.htm,1
1111711,cw_19495,2013,1,,2013-02-19,http://www.sec.gov/Archives/edgar/data/1111711/0001111711-13-000007.txt,http://www.sec.gov/Archives/edgar/data/1111711/000111171113000007/ni-20121231xex21.htm,1
1111711,cw_19495,2014,1,,2014-02-18,http://www.sec.gov/Archives/edgar/data/1111711/0001111711-14-000016.txt,http://www.sec.gov/Archives/edgar/data/1111711/000111171114000016/ni-20131231xex21.htm,1
1111711,cw_19495,2015,1,,2015-02-18,http://www.sec.gov/Archives/edgar/data/1111711/0001111711-15-000008.txt,http://www.sec.gov/Archives/edgar/data/1111711/000111171115000008/ni-20141231xex21.htm,1
1451505,cw_71662,2009,1,,2009-02-26,http://www.sec.gov/Archives/edgar/data/1451505/0001451505-09-000022.txt,http://www.sec.gov/Archives/edgar/data/1451505/000145150509000022/exhibit21.htm,1
1451505,cw_71662,2010,1,,2010-02-24,http://www.sec.gov/Archives/edgar/data/1451505/0001451505-10-000023.txt,http://www.sec.gov/Archives/edgar/data/1451505/000145150510000023/exhibit21.htm,1
1451505,cw_71662,2011,1,,2011-02-28,http://www.sec.gov/Archives/edgar/data/1451505/0001451505-11-000032.txt,http://www.sec.gov/Archives/edgar/data/1451505/000145150511000032/exhibit21.htm,1
1451505,cw_71662,2011,4,,2011-11-25,http://www.sec.gov/Archives/edgar/data/1451505/0001104659-11-066222.txt,,1
1451505,cw_71662,2012,1,,2012-03-09,http://www.sec.gov/Archives/edgar/data/1451505/0001104659-12-017110.txt,,1
1451505,cw_71662,2012,1,,2012-02-27,http://www.sec.gov/Archives/edgar/data/1451505/0001451505-12-000030.txt,http://www.sec.gov/Archives/edgar/data/1451505/000145150512000030/exhibit21.htm,1
1451505,cw_71662,2013,1,,2013-03-01,http://www.sec.gov/Archives/edgar/data/1451505/0001451505-13-000040.txt,http://www.sec.gov/Archives/edgar/data/1451505/000145150513000040/exhibit21.htm,1
1451505,cw_71662,2014,1,,2014-02-27,http://www.sec.gov/Archives/edgar/data/1451505/0001451505-14-000031.txt,http://www.sec.gov/Archives/edgar/data/1451505/000145150514000031/exhibit21.htm,1
1451505,cw_71662,2015,1,,2015-03-13,http://www.sec.gov/Archives/edgar/data/1451505/0001451505-15-000040.txt,,1
1451505,cw_71662,2015,1,,2015-02-26,http://www.sec.gov/Archives/edgar/data/1451505/0001451505-15-000029.txt,http://www.sec.gov/Archives/edgar/data/1451505/000145150515000029/exhibit21.htm,1
19617,cw_356,2003,1,,2003-03-19,http://www.sec.gov/Archives/edgar/data/19617/0000950123-03-002985.txt,http://www.sec.gov/Archives/edgar/data/19617/000095012303002985/y83354exv21w1.htm,1
19617,cw_356,2003,2,,2003-06-30,http://www.sec.gov/Archives/edgar/data/19617/9999999997-03-028080.txt,,1
19617,cw_356,2004,1,,2004-02-18,http://www.sec.gov/Archives/edgar/data/19617/0000950123-04-002022.txt,http://www.sec.gov/Archives/edgar/data/19617/000095012304002022/y94051exv21w1.htm,1
19617,cw_356,2004,2,,2004-06-28,http://www.sec.gov/Archives/edgar/data/19617/9999999997-04-028305.txt,,1
19617,cw_356,2005,1,,2005-03-02,http://www.sec.gov/Archives/edgar/data/19617/0000950123-05-002539.txt,http://www.sec.gov/Archives/edgar/data/19617/000095012305002539/y05475exv21w1.htm,1
19617,cw_356,2005,2,,2005-06-28,http://www.sec.gov/Archives/edgar/data/19617/9999999997-05-030472.txt,,1
19617,cw_356,2006,1,,2006-03-09,http://www.sec.gov/Archives/edgar/data/19617/0000950123-06-002875.txt,http://www.sec.gov/Archives/edgar/data/19617/000095012306002875/y17599exv21w1.htm,1
19617,cw_356,2006,3,,2006-08-03,http://www.sec.gov/Archives/edgar/data/19617/0000950123-06-009854.txt,,1
19617,cw_356,2006,2,,2006-06-22,http://www.sec.gov/Archives/edgar/data/19617/0000950123-06-008545.txt,,1
19617,cw_356,2007,1,,2007-03-01,http://www.sec.gov/Archives/edgar/data/19617/0000950123-07-003015.txt,http://www.sec.gov/Archives/edgar/data/19617/000095012307003015/y30834exv21w1.htm,1
19617,cw_356,2008,1,20071231,2008-02-29,http://www.sec.gov/Archives/edgar/data/19617/0001193125-08-043536.txt,http://www.sec.gov/Archives/edgar/data/19617/000119312508043536/dex211.htm,1
19617,cw_356,2009,1,,2009-03-02,http://www.sec.gov/Archives/edgar/data/19617/0000950123-09-003840.txt,http://www.sec.gov/Archives/edgar/data/19617/000095012309003840/y74757exv21w1.htm,1
19617,cw_356,2010,1,,2010-02-24,http://www.sec.gov/Archives/edgar/data/19617/0000950123-10-016029.txt,http://www.sec.gov/Archives/edgar/data/19617/000095012310016029/e82150exv21w1.htm,1
19617,cw_356,2011,1,,2011-02-28,http://www.sec.gov/Archives/edgar/data/19617/0000950123-11-019773.txt,http://www.sec.gov/Archives/edgar/data/19617/000095012311019773/y86143exv21w1.htm,1
19617,cw_356,2012,1,,2012-02-29,http://www.sec.gov/Archives/edgar/data/19617/0000019617-12-000163.txt,http://www.sec.gov/Archives/edgar/data/19617/000001961712000163/corp10k2011exhibit21.htm,1
19617,cw_356,2013,1,,2013-02-28,http://www.sec.gov/Archives/edgar/data/19617/0000019617-13-000221.txt,http://www.sec.gov/Archives/edgar/data/19617/000001961713000221/corp10k2012exhibit21.htm,1
19617,cw_356,2014,1,,2014-02-20,http://www.sec.gov/Archives/edgar/data/19617/0000019617-14-000289.txt,http://www.sec.gov/Archives/edgar/data/19617/000001961714000289/corp10k2013exhibit21.htm,1
19617,cw_356,2015,1,,2015-02-24,http://www.sec.gov/Archives/edgar/data/19617/0000019617-15-000272.txt,http://www.sec.gov/Archives/edgar/data/19617/000001961715000272/corp10k2014exhibit21.htm,1
1288776,cw_35783,2005,1,,2005-03-30,http://www.sec.gov/Archives/edgar/data/1288776/0001193125-05-065298.txt,http://www.sec.gov/Archives/edgar/data/1288776/000119312505065298/dex2101.htm,1
1288776,cw_35783,2006,1,,2006-03-16,http://www.sec.gov/Archives/edgar/data/1288776/0001193125-06-056598.txt,http://www.sec.gov/Archives/edgar/data/1288776/000119312506056598/dex2101.htm,1
1288776,cw_35783,2007,1,,2007-03-01,http://www.sec.gov/Archives/edgar/data/1288776/0001193125-07-044494.txt,http://www.sec.gov/Archives/edgar/data/1288776/000119312507044494/dex2101.htm,1
1288776,cw_35783,2008,1,20071231,2008-02-15,http://www.sec.gov/Archives/edgar/data/1288776/0001193125-08-032690.txt,http://www.sec.gov/Archives/edgar/data/1288776/000119312508032690/dex2101.htm,1
1288776,cw_35783,2009,1,,2009-02-13,http://www.sec.gov/Archives/edgar/data/1288776/0001193125-09-029448.txt,http://www.sec.gov/Archives/edgar/data/1288776/000119312509029448/dex2101.htm,1
1288776,cw_35783,2010,1,,2010-02-12,http://www.sec.gov/Archives/edgar/data/1288776/0001193125-10-030774.txt,http://www.sec.gov/Archives/edgar/data/1288776/000119312510030774/dex2101.htm,1
1288776,cw_35783,2011,1,,2011-02-11,http://www.sec.gov/Archives/edgar/data/1288776/0001193125-11-032930.txt,http://www.sec.gov/Archives/edgar/data/1288776/000119312511032930/dex2101.htm,1
1288776,cw_35783,2012,1,,2012-01-26,http://www.sec.gov/Archives/edgar/data/1288776/0001193125-12-025336.txt,http://www.sec.gov/Archives/edgar/data/1288776/000119312512025336/d260164dex2101.htm,1
1288776,cw_35783,2012,2,,2012-04-23,http://www.sec.gov/Archives/edgar/data/1288776/0001193125-12-174477.txt,,1
1288776,cw_35783,2013,1,,2013-01-29,http://www.sec.gov/Archives/edgar/data/1288776/0001193125-13-028362.txt,http://www.sec.gov/Archives/edgar/data/1288776/000119312513028362/d452134dex2101.htm,1
1288776,cw_35783,2014,1,,2014-02-12,http://www.sec.gov/Archives/edgar/data/1288776/0001288776-14-000020.txt,http://www.sec.gov/Archives/edgar/data/1288776/000128877614000020/goog20131231exhibit2101.htm,1
1288776,cw_35783,2015,1,,2015-02-09,http://www.sec.gov/Archives/edgar/data/1288776/0001288776-15-000008.txt,http://www.sec.gov/Archives/edgar/data/1288776/000128877615000008/goog20141231exhibit2101.htm,1
1288776,cw_35783,2016,1,,2016-02-11,http://www.sec.gov/Archives/edgar/data/1288776/0001652044-16-000012.txt,http://www.sec.gov/Archives/edgar/data/1288776/000165204416000012/googexhibit2101q42015.htm,1
1652044,cw_35783,2016,1,,2016-02-11,http://www.sec.gov/Archives/edgar/data/1652044/0001652044-16-000012.txt,http://www.sec.gov/Archives/edgar/data/1652044/000165204416000012/googexhibit2101q42015.htm,0
29915,cw_545,2003,1,,2003-02-28,http://www.sec.gov/Archives/edgar/data/29915/0001104659-03-003205.txt,http://www.sec.gov/Archives/edgar/data/29915/000110465903003205/j7856_ex21.htm,1
29915,cw_545,2004,1,,2004-02-20,http://www.sec.gov/Archives/edgar/data/29915/0001047469-04-005078.txt,http://www.sec.gov/Archives/edgar/data/29915/000104746904005078/a2128941zex-21.htm,1
29915,cw_545,2005,1,,2005-02-18,http://www.sec.gov/Archives/edgar/data/29915/0001047469-05-004197.txt,http://www.sec.gov/Archives/edgar/data/29915/000104746905004197/a2151917zex-21.htm,1
29915,cw_545,2006,1,,2006-02-17,http://www.sec.gov/Archives/edgar/data/29915/0001047469-06-002147.txt,http://www.sec.gov/Archives/edgar/data/29915/000104746906002147/a2167550zex-21.htm,1
29915,cw_545,2007,1,,2007-02-20,http://www.sec.gov/Archives/edgar/data/29915/0001047469-07-001296.txt,http://www.sec.gov/Archives/edgar/data/29915/000104746907001296/a2176176zex-21.htm,1
29915,cw_545,2008,1,20071231,2008-02-19,http://www.sec.gov/Archives/edgar/data/29915/0001047469-08-001482.txt,http://www.sec.gov/Archives/edgar/data/29915/000104746908001482/a2182813zex-21.htm,1
29915,cw_545,2009,1,,2009-02-20,http://www.sec.gov/Archives/edgar/data/29915/0000029915-09-000016.txt,http://www.sec.gov/Archives/edgar/data/29915/000002991509000016/ex-21.htm,1
29915,cw_545,2010,1,,2010-02-19,http://www.sec.gov/Archives/edgar/data/29915/0000029915-10-000024.txt,http://www.sec.gov/Archives/edgar/data/29915/000002991510000024/ex-21.htm,1
29915,cw_545,2011,1,,2011-02-18,http://www.sec.gov/Archives/edgar/data/29915/0001193125-11-040023.txt,http://www.sec.gov/Archives/edgar/data/29915/000119312511040023/dex21.htm,1
29915,cw_545,2012,1,,2012-02-15,http://www.sec.gov/Archives/edgar/data/29915/0000029915-12-000008.txt,http://www.sec.gov/Archives/edgar/data/29915/000002991512000008/dow201110kex21.htm,1
29915,cw_545,2013,1,,2013-02-15,http://www.sec.gov/Archives/edgar/data/29915/0000029915-13-000014.txt,http://www.sec.gov/Archives/edgar/data/29915/000002991513000014/dow201210kex21.htm,1
29915,cw_545,2014,1,,2014-02-14,http://www.sec.gov/Archives/edgar/data/29915/0000029915-14-000011.txt,http://www.sec.gov/Archives/edgar/data/29915/000002991514000011/dow201310kex21.htm,1
29915,cw_545,2015,1,,2015-02-13,http://www.sec.gov/Archives/edgar/data/29915/0000029915-15-000011.txt,http://www.sec.gov/Archives/edgar/data/29915/000002991515000011/dow201410kex21.htm,1
29915,cw_545,2016,1,,2016-02-12,http://www.sec.gov/Archives/edgar/data/29915/0000029915-16-000066.txt,http://www.sec.gov/Archives/edgar/data/29915/000002991516000066/dow201510kex21.htm,1
12927,cw_227,2003,1,,2003-02-27,http://www.sec.gov/Archives/edgar/data/12927/0000012927-03-000005.txt,http://www.sec.gov/Archives/edgar/data/12927/000001292703000005/exhibit21.htm,1
12927,cw_227,2004,1,,2004-03-12,http://www.sec.gov/Archives/edgar/data/12927/0001193125-04-039346.txt,,1
12927,cw_227,2004,1,,2004-03-05,http://www.sec.gov/Archives/edgar/data/12927/0001193125-04-034751.txt,http://www.sec.gov/Archives/edgar/data/12927/000119312504034751/dex21.htm,1
12927,cw_227,2005,1,,2005-02-28,http://www.sec.gov/Archives/edgar/data/12927/0001193125-05-038602.txt,http://www.sec.gov/Archives/edgar/data/12927/000119312505038602/dex21.htm,1
12927,cw_227,2006,1,,2006-02-28,http://www.sec.gov/Archives/edgar/data/12927/0001193125-06-040952.txt,http://www.sec.gov/Archives/edgar/data/12927/000119312506040952/dex21.htm,1
12927,cw_227,2007,1,,2007-02-16,http://www.sec.gov/Archives/edgar/data/12927/0001193125-07-033902.txt,http://www.sec.gov/Archives/edgar/data/12927/000119312507033902/dex21.htm,1
12927,cw_227,2008,1,20071231,2008-02-15,http://www.sec.gov/Archives/edgar/data/12927/0001193125-08-032328.txt,http://www.sec.gov/Archives/edgar/data/12927/000119312508032328/dex21.htm,1
12927,cw_227,2009,1,,2009-02-09,http://www.sec.gov/Archives/edgar/data/12927/0001193125-09-022654.txt,http://www.sec.gov/Archives/edgar/data/12927/000119312509022654/dex21.htm,1
12927,cw_227,2010,1,,2010-02-08,http://www.sec.gov/Archives/edgar/data/12927/0001193125-10-024406.txt,http://www.sec.gov/Archives/edgar/data/12927/000119312510024406/dex21.htm,1
12927,cw_227,2011,1,,2011-02-09,http://www.sec.gov/Archives/edgar/data/12927/0001193125-11-028490.txt,http://www.sec.gov/Archives/edgar/data/12927/000119312511028490/dex21.htm,1
12927,cw_227,2012,1,,2012-02-09,http://www.sec.gov/Archives/edgar/data/12927/0001193125-12-048565.txt,http://www.sec.gov/Archives/edgar/data/12927/000119312512048565/d255574dex21.htm,1
12927,cw_227,2013,1,,2013-02-11,http://www.sec.gov/Archives/edgar/data/12927/0000012927-13-000014.txt,http://www.sec.gov/Archives/edgar/data/12927/000001292713000014/a201212dec3110kexhibit21.htm,1
12927,cw_227,2014,1,,2014-02-14,http://www.sec.gov/Archives/edgar/data/12927/0000012927-14-000004.txt,http://www.sec.gov/Archives/edgar/data/12927/000001292714000004/a201312dec3110kexhibit21.htm,1
12927,cw_227,2015,1,,2015-02-12,http://www.sec.gov/Archives/edgar/data/12927/0000012927-15-000011.txt,http://www.sec.gov/Archives/edgar/data/12927/000001292715000011/a201412dec3110kexhibit21.htm,1
12927,cw_227,2016,1,,2016-02-10,http://www.sec.gov/Archives/edgar/data/12927/0000012927-16-000099.txt,http://www.sec.gov/Archives/edgar/data/12927/000001292716000099/a201512dec3110kexhibit21.htm,1
