47111,cw_866,HERSHEY CO,230691590,2060,Sugar & confectionery products,2000,Food and kindred products,filers,100 CRYSTAL A DRIVE, P O BOX 810-EXTERNAL RPTG & COMPLIANCE, HERSHEY PA 17033-0810,US,PA,cw_866,0,31,2015,2003
927653,cw_10584,MCKESSON CORP,943207296,5122,Wholesale-drugs, proprietaries & druggists' sundries,5100,Wholesale trade--nondurable goods,filers,ONE POST ST, MCKESSON PLAZA, SAN FRANCISCO CA 94104,US,CA,cw_10584,0,10,2015,2003
922224,cw_10270,PPL Corp,232758192,4911,Electric services,4900,Electric, gas, and sanitary services,filers,TWO N NINTH ST, ALLENTOWN PA 18101-1179,US,PA,cw_10270,0,23,2015,2003
1136893,cw_21144,Fidelity National Information Services Inc,371490331,7389,Services-business services, nec,7300,Business services,filers,601 RIVERSIDE AVENUE, JACKSONVILLE FL 32204,US,FL,cw_21144,0,204,2015,2003
14272,cw_252,BRISTOL MYERS SQUIBB CO,220790350,2834,Pharmaceutical preparations,2800,Chemicals and allied products,filers,345 PARK AVE, NEW YORK NY 10154,US,NY,cw_252,0,12,2015,2003
354950,cw_2869,HOME DEPOT INC,953261426,5211,Retail-lumber & other building materials dealers,5200,Building materials, hardware, garden supply, & mobile home,filers,2455 PACES FERRY ROAD, ATLANTA GA 30339-4024,US,GA,cw_2869,0,8,2015,2003
896159,cw_8779,ACE Ltd,0,6331,Fire, marine & casualty insurance,6300,Insurance carriers,filers,BARENGASSE 32, ZURICH CH-8001 V8 00000,CH,,cw_8779,0,62,2015,2003
100885,cw_1831,UNION PACIFIC CORP,132626465,4011,Railroads, line-haul operating,4000,Railroads?,filers,1400 DOUGLAS STREET, STOP 0310, OMAHA NE 68179,US,NE,cw_1831,0,2,2015,2003
47217,cw_868,HEWLETT PACKARD CO,941081436,3570,Computer & office equipment,3500,Industrial machinery and equipment,filers,3000 HANOVER ST, MS 1050, PALO ALTO CA 94304,US,CA,cw_868,0,0,2015,2003
1359841,cw_44297,Hanesbrands Inc,203552316,5600,Retail-apparel & accessory stores,5600,Apparel and accessory stores,filers,1000 EAST HANES MILL ROAD, WINSTON-SALEM NC 27105,US,NC,cw_44297,0,170,2015,2006
29915,cw_545,DOW CHEMICAL CO,381285128,2821,Plastic materials, synth resins & nonvulcan elastomers,2800,Chemicals and allied products,filers,2030 DOW CENTER, MIDLAND MI 48674-2030,US,MI,cw_545,0,76,2015,2003
1140859,cw_21480,AMERISOURCEBERGEN CORP,233079390,5122,Wholesale-drugs, proprietaries & druggists' sundries,5100,Wholesale trade--nondurable goods,filers,1300 MORRIS DRIVE, CHESTERBROOK PA 19087-5594,US,PA,cw_21480,0,0,2015,2003
1108524,cw_19293,SALESFORCE COM INC,943320693,7372,Services-prepackaged software,7300,Business services,filers,THE LANDMARK, ONE MARKET STREET STE.300, SAN FRANCISCO CA 94105,US,CA,cw_19293,0,70,2015,2003
104169,cw_1901,WAL MART STORES INC,710415188,5331,Retail-variety stores,5300,General merchandise stores,filers,702 SOUTHWEST 8TH ST, BENTONVILLE AR 72716,US,AR,cw_1901,0,15,2015,2003
6769,cw_117,APACHE CORP,410747868,1311,Crude petroleum & natural gas,1300,Oil and gas extraction,filers,2000 POST OAK BLVD, STE 100, HOUSTON TX 77056-4400,US,TX,cw_117,0,44,2015,2003
36104,cw_681,US BANCORP,410255900,6021,National commercial banks,6000,Depository institutions,filers,U.S.BANCORP, 800 NICOLLET MALL, MINNEAPOLIS MN 55402,US,MN,cw_681,0,95,2015,2003
823768,cw_5997,WASTE MANAGEMENT INC,731309529,4953,Refuse systems,4900,Electric, gas, and sanitary services,filers,1001 FANNIN STREET, STE 4000, HOUSTON TX 77002,US,TX,cw_5997,0,419,2015,2003
313616,cw_2432,DANAHER CORP,591995548,3823,Industrial instruments for measurement, display, and control,3800,Instruments and related products,filers,2200 PENNSYLVANIA AVE. N.W., SUITE 800W, WASHINGTON DC 20037-1701,US,DC,cw_2432,0,275,2015,2003
912615,cw_9692,URBAN OUTFITTERS INC,232003332,5651,Retail-family clothing stores,5600,Apparel and accessory stores,filers,5000 SOUTH BROAD STREET, PHILADELPHIA PA 19112,US,PA,cw_9692,0,39,2015,2003
908255,cw_9469,BORGWARNER INC,133404508,3714,Motor vehicle parts & accessories,3700,Transportation equipment,filers,3850 HAMLIN RD., AUBURN HILLS MI 48326,US,MI,cw_9469,0,116,2015,2003
1051470,cw_15225,CROWN CASTLE INTERNATIONAL CORP,760470458,6798,Real estate investment trusts,6700,Holding and other investment offices,filers,1220 AUGUSTA DRIVE, SUITE 600, HOUSTON TX 77057,US,TX,cw_15225,0,47,2015,2003
804328,cw_5296,QUALCOMM INC,953685934,3663,Radio & tv broadcasting & communications equipment,3600,Electrical and electronic equipment,filers,5775 MOREHOUSE DR, SAN DIEGO CA 92121,US,CA,cw_5296,0,6,2015,2003
20171,cw_364,CHUBB CORP,132595722,6331,Fire, marine & casualty insurance,6300,Insurance carriers,filers,15 MOUNTAIN VIEW ROAD, WARREN NJ 07059,US,NJ,cw_364,0,4,2015,2003
29905,cw_544,DOVER Corp,530257888,3530,Construction, mining & materials handling machinery & equip,3500,Industrial machinery and equipment,filers,3005 HIGHLAND PARKWAY, SUITE 200, DOWNERS GROVE IL 60515,US,IL,cw_544,0,323,2015,2003
1100962,cw_18726,ENDO HEALTH SOLUTIONS INC,134022871,2834,Pharmaceutical preparations,2800,Chemicals and allied products,filers,1400 ATWATER DRIVE, MALVERN PA 19355,US,PA,cw_777261,1,0,2015,2003
202058,cw_2070,HARRIS CORP,340276860,3812,Search, detection, navagation, guidance, aeronautical sys,3800,Instruments and related products,filers,1025 W NASA BLVD, MELBOURNE FL 32919,US,FL,cw_2070,0,128,2015,2003
107263,cw_1959,WILLIAMS COMPANIES INC,730569878,4922,Natural gas transmission,4900,Electric, gas, and sanitary services,filers,ONE WILLIAMS CTR, TULSA OK 74172,US,OK,cw_1959,0,143,2015,2003
64670,cw_1154,MEDTRONIC INC,410793183,3845,Electromedical & electrotherapeutic apparatus,3800,Instruments and related products,filers,710 MEDTRONIC PKWY, MS LC300, MINNEAPOLIS MN 55432,US,MN,cw_807702,1,0,2015,2003
310764,cw_2353,STRYKER CORP,381239739,3841,Surgical & medical instruments & apparatus,3800,Instruments and related products,filers,2825 AIRVIEW BLVD, KALAMAZOO MI 49002,US,MI,cw_2353,0,160,2015,2003
58492,cw_1065,LEGGETT & PLATT INC,440324630,2510,Household furniture,2500,Furniture and fixtures,filers,NO. 1 LEGGETT ROAD, CARTHAGE MO 64836,US,MO,cw_1065,0,135,2015,2003
704051,cw_3112,LEGG MASON INC,521200960,6282,Investment advice,6200,Security, commodity brokers, and services,filers,100 INTERNATIONAL DRIVE, BALTIMORE MD 21202,US,MD,cw_3112,0,50,2015,2003
1385157,cw_48112,TE Connectivity Ltd,980518048,5065,Wholesale-electronic parts & equipment, nec,5000,Wholesale trade--durable goods,filers,RHEINSTRASSE 20, CH-8200 SCHAFFHAUSEN V8 1,CH,,cw_48112,0,67,2015,2007
753308,cw_4163,NEXTERA ENERGY INC,592449419,4911,Electric services,4900,Electric, gas, and sanitary services,filers,700 UNIVERSE BLVD, JUNO BEACH FL 33408,US,FL,cw_4163,0,4,2015,2003
78239,cw_1436,PVH CORP,131166910,2320,Men's & boys' furnishgs, work clothg, & allied garments,2300,Apparel and other textile products,filers,200 MADISON AVENUE, NEW YORK NY 10016,US,NY,cw_1436,0,145,2015,2003
46080,cw_845,HASBRO INC,50155090,3944,Games, toys & children's vehicles (no dolls & bicycles),3900,Miscellaneous manufacturing industries,filers,1027 NEWPORT AVE, P O BOX 1059, PAWTUCKET RI 02861,US,RI,cw_845,0,5,2015,2003
40545,cw_769,GENERAL ELECTRIC CO,140689340,3600,Electronic & other electrical equipment (no computer equip),3600,Electrical and electronic equipment,filers,3135 EASTON TURNPIKE, W3F, FAIRFIELD CT 06828,US,CT,cw_769,0,110,2015,2003
1035267,cw_14144,INTUITIVE SURGICAL INC,770416458,3842,Orthopedic, prosthetic & surgical appliances & supplies,3800,Instruments and related products,filers,1020 KIFER ROAD, SUNNYVALE CA 94086,US,CA,cw_14144,0,21,2015,2003
7332,cw_131,SOUTHWESTERN ENERGY CO,710205415,1311,Crude petroleum & natural gas,1300,Oil and gas extraction,filers,2350 N. SAM HOUSTON PARKWAY EAST, SUITE 125, HOUSTON TX 77032,US,TX,cw_131,0,12,2015,2003
101778,cw_1852,MARATHON OIL CORP,250996816,1311,Crude petroleum & natural gas,1300,Oil and gas extraction,filers,P O BOX 3128, HOUSTON TX 77253-3128,US,TX,cw_1852,0,134,2015,2003
797468,cw_5077,OCCIDENTAL PETROLEUM CORP,954035997,1311,Crude petroleum & natural gas,1300,Oil and gas extraction,filers,5 GREENWAY PLAZA, SUITE 110, HOUSTON TX 77046,US,TX,cw_5077,0,299,2015,2003
886158,cw_8254,BED BATH & BEYOND INC,112250488,5700,Retail-home furniture, furnishings & equipment stores,5700,Furniture, home furnishings and equipment stores,filers,650 LIBERTY AVENUE, UNION NJ 07083,US,NJ,cw_8254,0,9,2015,2003
750556,cw_4104,SUNTRUST BANKS INC,581575035,6021,National commercial banks,6000,Depository institutions,filers,303 PEACHTREE ST N E, ATLANTA GA 30308,US,GA,cw_4104,0,2,2015,2003
1163165,cw_22728,CONOCOPHILLIPS,10562944,2911,Petroleum refining,2900,Petroleum and coal products,filers,CONOCOPHILLIPS, 600 NORTH DAIRY ASHFORD ROAD, HOUSTON TX 77079,US,TX,cw_22728,0,67,2015,2003
203077,cw_2092,ST JUDE MEDICAL INC,411276891,3845,Electromedical & electrotherapeutic apparatus,3800,Instruments and related products,filers,ONE ST JUDE MEDICAL DRIVE, ST PAUL MN 55117,US,MN,cw_2092,0,70,2015,2003
764180,cw_4333,ALTRIA GROUP INC,133260245,2111,Cigarettes,2100,Tobacco manufactures,filers,6601 WEST BROAD STREET, RICHMOND VA 23230,US,VA,cw_4333,0,3,2015,2003
1646383,cw_872122,Computer Sciences Government Services Inc,474310550,,,,,filers,3170 FAIRVIEW PARK DRIVE, FALLS CHURCH VA 22042,US,VA,cw_872122,0,0,2015,2015
723254,cw_3534,CINTAS CORP,311188630,2320,Men's & boys' furnishgs, work clothg, & allied garments,2300,Apparel and other textile products,filers,6800 CINTAS BLVD, P O BOX 625737, CINCINNATI OH 45262,US,OH,cw_3534,0,42,2015,2003
713676,cw_3277,PNC FINANCIAL SERVICES GROUP INC,251435979,6021,National commercial banks,6000,Depository institutions,filers,ONE PNC PLAZA, 249 FIFTH AVENUE, PITTSBURGH PA 15222,US,PA,cw_3277,0,2,2015,2003
16918,cw_297,CONSTELLATION BRANDS INC,160716709,2080,Beverages,2000,Food and kindred products,filers,207 HIGH POINT DRIVE, BUILDING 100, VICTOR NY 14564,US,NY,cw_297,0,96,2015,2003
899866,cw_9031,ALEXION PHARMACEUTICALS INC,133648318,2834,Pharmaceutical preparations,2800,Chemicals and allied products,filers,352 KNOTTER DRIVE, CHESHIRE CT 06511,US,CT,cw_9031,0,31,2015,2003
40533,cw_768,GENERAL DYNAMICS CORP,131673581,3730,Ship & boat building & repairing,3700,Transportation equipment,filers,2941 FAIRVIEW PARK DRIVE, SUITE 100, FALLS CHURCH VA 22042-4513,US,VA,cw_768,0,189,2015,2003
849399,cw_6752,SYMANTEC CORP,770181864,7372,Services-prepackaged software,7300,Business services,filers,350 ELLIS STREET, MOUNTAIN VIEW CA 94043,US,CA,cw_6752,0,9,2015,2003
895648,cw_8753,GGP Inc (fka General Growth Properties Inc & predecessor to General Growth Properties Inc),421283895,6798,Real estate investment trusts,6700,Holding and other investment offices,filers,110 N WACKER DRIVE, STE 3100, CHICAGO IL 60606,US,IL,cw_8753,0,0,2015,2003
63908,cw_1144,MCDONALDS CORP,362361282,5812,Retail-eating places,5800,Eating and drinking places,filers,ONE MCDONALD'S PLAZA, OAK BROOK IL 60523,US,IL,cw_1144,0,45,2015,2003
1136869,cw_21141,ZIMMER HOLDINGS INC,134151777,3842,Orthopedic, prosthetic & surgical appliances & supplies,3800,Instruments and related products,filers,345 EAST MAIN STREET, WARSAW IN 46580,US,IN,cw_21141,0,13,2015,2003
14693,cw_259,BROWN FORMAN CORP,610143150,2080,Beverages,2000,Food and kindred products,filers,850 DIXIE HWY, LOUISVILLE KY 40210,US,KY,cw_259,0,58,2015,2003
2969,cw_33,AIR PRODUCTS & CHEMICALS INC,231274455,2810,Industrial inorganic chemicals,2800,Chemicals and allied products,filers,7201 HAMILTON BLVD, ALLENTOWN PA 18195-1501,US,PA,cw_33,0,0,2015,2003
87347,cw_1584,SCHLUMBERGER LTD,520684746,1389,Oil & gas field services, nec,1300,Oil and gas extraction,filers,5599 SAN FELIPE, 17TH FLOOR, HOUSTON TX 77056,US,TX,cw_1584,0,1,2015,2003
33185,cw_618,EQUIFAX INC,580401110,7320,Services-consumer credit reporting, collection agencies,7300,Business services,filers,1550 PEACHTREE ST NW, ATLANTA GA 30302,US,GA,cw_618,0,79,2015,2003
277135,cw_2285,GRAINGER W W INC,361150280,5000,Wholesale-durable goods,5000,Wholesale trade--durable goods,filers,100 GRAINGER PARKWAY, LAKE FOREST IL 60045-5201,US,IL,cw_2285,0,111,2015,2003
1267238,cw_33554,ASSURANT INC,391126612,6321,Accident & health insurance,6300,Insurance carriers,filers,ONE CHASE MANHATTAN PLAZA, NEW YORK NY 10005,US,NY,cw_33554,0,129,2015,2003
1014473,cw_12698,VERISIGN INC,943221585,7371,Services-computer programming services,7300,Business services,filers,12061 BLUEMONT WAY, ATTN: GENERAL COUNSEL, RESTON VA 20190,US,VA,cw_12698,0,23,2015,2003
20286,cw_369,CINCINNATI FINANCIAL CORP,310746871,6331,Fire, marine & casualty insurance,6300,Insurance carriers,filers,6200 S GILMORE RD, FAIRFIELD OH 45014,US,OH,cw_369,0,0,2015,2003
1373835,cw_46243,Spectra Energy Corp,205413139,4923,Natural gas transmisison & distribution,4900,Electric, gas, and sanitary services,filers,5400 WESTHEIMER COURT, HOUSTON TX 77056,US,TX,cw_46243,0,119,2015,2006
1101215,cw_18748,ALLIANCE DATA SYSTEMS CORP,311429215,7389,Services-business services, nec,7300,Business services,filers,7500 DALLAS PARKWAY, SUITE 700, PLANO TX 75024,US,TX,cw_18748,0,111,2015,2003
4962,cw_76,AMERICAN EXPRESS CO,134922250,6199,Finance services,6100,Nondepository credit institutions,filers,200 VESEY STREET, 50TH FLOOR, NEW YORK NY 10285,US,NY,cw_76,0,13,2015,2003
1396009,cw_50401,Vulcan Materials CO,208579133,1400,Mining & quarrying of nonmetallic minerals (no fuels),1400,Nonmetallic minerals, except fuels,filers,1200 URBAN CENTER DRIVE, BIRMINGHAM AL 35242,US,AL,cw_50401,0,0,2015,2007
1059556,cw_15815,MOODYS CORP,133998945,7320,Services-consumer credit reporting, collection agencies,7300,Business services,filers,7 WORLD TRADE CENTER, AT 250 GREENWICH STREET, NEW YORK NY 10007,US,NY,cw_15815,0,134,2015,2003
1326380,cw_40094,GameStop Corp,0,5734,Retail-computer & computer software stores,5700,Furniture, home furnishings and equipment stores,filers,625 WESTPORT PARKWAY, GRAPEVINE TX 76051,US,TX,cw_40094,0,41,2015,2005
96223,cw_1741,LEUCADIA NATIONAL CORP,132615557,2011,Meat packing plants,2000,Food and kindred products,filers,520 MADISON AVENUE, NEW YORK NY 10022,US,NY,cw_1741,0,41,2015,2003
885639,cw_8214,KOHLS Corp,391630919,5311,Retail-department stores,5300,General merchandise stores,filers,N56 W17000 RIDGEWOOD DR, MENOMONEE FALLS WI 53051,US,WI,cw_8214,0,8,2015,2003
1546640,cw_686488,ADT Corp,454517261,7381,Services-detective, guard & armored car services,7300,Business services,filers,1501 YAMATO ROAD, BOCA RATON FL 33431,US,FL,cw_686488,0,4,2015,2012
50863,cw_940,INTEL CORP,,3674,Semiconductors & related devices,3600,Electrical and electronic equipment,filers,2200 MISSION COLLEGE BLVD, RNB-4-151, SANTA CLARA CA 95054,US,CA,cw_940,0,30,2015,2003
1156039,cw_22006,Anthem Inc,352145715,6324,Hospital & medical service plans,6300,Insurance carriers,filers,120 MONUMENT CIRCLE, INDIANAPOLIS IN 46204,US,IN,cw_22006,0,129,2015,2003
46765,cw_860,HELMERICH & PAYNE INC,730679879,1381,Drilling oil & gas wells,1300,Oil and gas extraction,filers,UTICA AT 21ST ST, TULSA OK 74114,US,OK,cw_860,0,0,2015,2003
30554,cw_566,DUPONT E I DE NEMOURS & CO,510014090,2820,Plastic material, synth resin/rubber, cellulos (no glass),2800,Chemicals and allied products,filers,1007 MARKET ST, WILMINGTON DE 19898,US,DE,cw_566,0,63,2015,2003
1110783,cw_19434,MONSANTO CO,431878297,2870,Agricultural chemicals,2800,Chemicals and allied products,filers,800 N LINDBERGH BLVD, ST LOUIS MO 63167,US,MO,cw_19434,0,35,2015,2003
1418135,cw_55051,Dr Pepper Snapple Group Inc,753258232,2080,Beverages,2000,Food and kindred products,filers,5301 LEGACY DRIVE, PLANO TX 75024,US,TX,cw_55051,0,41,2015,2007
85961,cw_1567,RYDER SYSTEM INC,590739250,7510,Services-auto rental & leasing (no drivers),7500,Automotive repair, services, and parking,filers,11690 N.W. 105TH STREET, MIAMI FL 33178,US,FL,cw_1567,0,98,2015,2003
4977,cw_78,AFLAC INC,581167100,6321,Accident & health insurance,6300,Insurance carriers,filers,1932 WYNNTON RD, COLUMBUS GA 31999,US,GA,cw_78,0,12,2015,2003
21665,cw_395,COLGATE PALMOLIVE CO,131815595,2844,Perfumes, cosmetics & other toilet preparations,2800,Chemicals and allied products,filers,300 PARK AVE, NEW YORK NY 10022,US,NY,cw_395,0,83,2015,2003
1048911,cw_15054,FEDEX CORP,621721435,4513,Air courier services,4500,Transportation by air,filers,942 SOUTH SHADY GROVE ROAD, MEMPHIS TN 38120-,US,TN,cw_15054,0,24,2015,2003
745732,cw_4012,ROSS STORES INC,941390387,5651,Retail-family clothing stores,5600,Apparel and accessory stores,filers,5130 HACIENDA DRIVE, DUBLIN CA 94568,US,CA,cw_4012,0,4,2015,2003
1274494,cw_34205,FIRST SOLAR INC,204623678,3674,Semiconductors & related devices,3600,Electrical and electronic equipment,filers,350 WEST WASHINGTON STREET, SUITE 600, TEMPE AZ 85281,US,AZ,cw_34205,0,18,2015,2006
875320,cw_7709,VERTEX PHARMACEUTICALS INC / MA,43039129,2834,Pharmaceutical preparations,2800,Chemicals and allied products,filers,50 NORTHERN AVENUE, BOSTON MA 02210,US,MA,cw_7709,0,23,2015,2003
912750,cw_9703,NEWFIELD EXPLORATION CO,721133047,1311,Crude petroleum & natural gas,1300,Oil and gas extraction,filers,4 WATERWAY SQUARE PLACE, SUITE 100, THE WOODLANDS TX 77380,US,TX,cw_9703,0,3,2015,2003
935703,cw_11002,DOLLAR TREE INC,541387365,5331,Retail-variety stores,5300,General merchandise stores,filers,500 VOLVO PARKWAY, N/A, CHESAPEAKE VA 23320,US,VA,cw_11002,0,0,2015,2003
277948,cw_2314,CSX CORP,621051971,4011,Railroads, line-haul operating,4000,Railroads?,filers,500 WATER STREET, 15TH FLOOR, JACKSONVILLE FL 32202,US,FL,cw_2314,0,1,2015,2003
829224,cw_6151,STARBUCKS CORP,911325671,5810,Retail-eating & drinking places,5800,Eating and drinking places,filers,P O BOX 34067, SEATTLE WA 98124-1067,US,WA,cw_6151,0,88,2015,2003
1390777,cw_49313,Bank of New York Mellon Corp,,6022,State commercial banks,6000,Depository institutions,filers,ONE WALL STREET, 31ST FLOOR, NEW YORK NY 10286,US,NY,cw_49313,0,45,2015,2007
39899,cw_758,GANNETT CO INC,160442930,2711,Newspapers: publishing or publishing & printing,2700,Printing and publishing,filers,7950 JONES BRANCH DRIVE, MCLEAN VA 22107-0910,US,VA,cw_758,0,137,2015,2003
718877,cw_3409,Activision Blizzard Inc,954803544,7372,Services-prepackaged software,7300,Business services,filers,3100 OCEAN PARK BLVD, SANTA MONICA CA 90405,US,CA,cw_3409,0,13,2015,2003
1037038,cw_14246,RALPH LAUREN CORP,132622036,2320,Men's & boys' furnishgs, work clothg, & allied garments,2300,Apparel and other textile products,filers,650 MADISON AVENUE, NEW YORK NY 10022,US,NY,cw_14246,0,12,2015,2003
1043277,cw_14670,C H ROBINSON WORLDWIDE INC,411883630,4731,Arrangement of transportation of freight & cargo,4700,Transportation services,filers,14701 CHARLSON ROAD, EDEN PRAIRIE MN 55347,US,MN,cw_14670,0,62,2015,2003
1135971,cw_21081,PEPCO HOLDINGS INC,522297449,4931,Electric & other services combined,4900,Electric, gas, and sanitary services,filers,SUITE 1300, 701 NINTH STREET, NW, WASHINGTON DC 20068,US,DC,cw_145,3,5,2015,2003
882835,cw_8046,ROPER INDUSTRIES INC,510263969,3823,Industrial instruments for measurement, display, and control,3800,Instruments and related products,filers,6901 PROFESSIONAL PKWY EAST, SUITE 200, SARASOTA FL 34240,US,FL,cw_8046,0,246,2015,2003
8818,cw_157,Avery Dennison Corp,951492269,2670,Converted paper & paperboard prods (no contaners/boxes),2600,Paper and allied products,filers,207 GOODE AVENUE, GLENDALE CA 91203,US,CA,cw_157,0,235,2015,2003
1101239,cw_18750,EQUINIX INC,770487526,4813,Telephone communications (no radiotelephone),4800,Communications,filers,ONE LAGOON DRIVE, 4TH FLOOR, REDWOOD CITY CA 94065,US,CA,cw_18750,0,67,2015,2003
899051,cw_8990,ALLSTATE CORP,363871531,6331,Fire, marine & casualty insurance,6300,Insurance carriers,filers,2775 SANDERS ROAD, NORTHBROOK IL 60062,US,IL,cw_8990,0,90,2015,2003
51253,cw_947,INTERNATIONAL FLAVORS & FRAGRANCES INC,131432060,2860,Industrial organic chemicals,2800,Chemicals and allied products,filers,521 W 57TH ST, NEW YORK NY 10019,US,NY,cw_947,0,88,2015,2003
1800,cw_3,ABBOTT LABORATORIES,360698440,2834,Pharmaceutical preparations,2800,Chemicals and allied products,filers,100 ABBOTT PARK ROAD, D-322 AP6D, ABBOTT PARK IL 60064-3500,US,IL,cw_3,0,383,2015,2003
865752,cw_7338,Monster Beverage Corp,391679918,2086,Bottled & canned soft drinks & carbonated waters,2000,Food and kindred products,filers,1 MONSTER WAY, CORONA CA 92879,US,CA,cw_7338,0,3,2015,2003
936468,cw_11029,LOCKHEED MARTIN CORP,521893632,3760,Guided missiles & space vehicles & parts,3700,Transportation equipment,filers,6801 ROCKLEDGE DR, BETHESDA MD 20817,US,MD,cw_11029,0,22,2015,2003
315189,cw_2502,DEERE & CO,362382580,3523,Farm machinery & equipment,3500,Industrial machinery and equipment,filers,ONE JOHN DEERE PLACE, MOLINE IL 61265-8098,US,IL,cw_2502,0,0,2015,2003
26172,cw_470,CUMMINS INC,350257090,3510,Engines & turbines,3500,Industrial machinery and equipment,filers,500 JACKSON ST, BOX 3005 MAIL CODE 60207, COLUMBUS IN 47202-3005,US,IN,cw_470,0,202,2015,2003
97476,cw_1769,TEXAS INSTRUMENTS INC,750289970,3674,Semiconductors & related devices,3600,Electrical and electronic equipment,filers,P.O. BOX 660199, DALLAS TX 75266,US,TX,cw_1769,0,94,2015,2003
79879,cw_1463,PPG INDUSTRIES INC,250730780,2851,Paints, varnishes, lacquers, enamels & allied prods,2800,Chemicals and allied products,filers,ONE PPG PL 40 EAST, PITTSBURGH PA 15272,US,PA,cw_1463,0,126,2015,2003
1070750,cw_16468,HOST HOTELS & RESORTS INC,530085950,6798,Real estate investment trusts,6700,Holding and other investment offices,filers,6903 ROCKLEDGE DR, SUITE 1500, BETHESDA MD 20817,US,MD,cw_16468,0,427,2015,2003
816761,cw_5767,TERADATA CORP,753236470,3571,Electronic computers,3500,Industrial machinery and equipment,filers,10000 INNOVATION DRIVE, DAYTON OH 45342,US,OH,cw_5767,0,82,2015,2003
800459,cw_5191,HARMAN INTERNATIONAL INDUSTRIES INC,112534306,3651,Household audio & video equipment,3600,Electrical and electronic equipment,filers,400 ATLANTIC STREET, SUITE 1500, STAMFORD CT 06901,US,CT,cw_5191,0,122,2015,2003
20520,cw_375,FRONTIER COMMUNICATIONS CORP,60619596,4813,Telephone communications (no radiotelephone),4800,Communications,filers,HIGH RIDGE PK BLDG 3, STAMFORD CT 06905,US,CT,cw_375,0,106,2015,2003
40987,cw_779,GENUINE PARTS CO,580254510,5013,Wholesale-motor vehicle supplies & new parts,5000,Wholesale trade--durable goods,filers,2999 CIRCLE 75 PARKWAY, ATLANTA GA 30339,US,GA,cw_779,0,45,2015,2003
1174922,cw_23918,WYNN RESORTS LTD,460484987,7011,Hotels & motels,7000,Hotels, rooming houses, camps, and other lodging places,filers,3131 LAS VEGAS BOULEVARD SOUTH, LAS VEGAS NV 89109,US,NV,cw_23918,0,16,2015,2003
1555280,cw_693609,Zoetis Inc,460696167,2834,Pharmaceutical preparations,2800,Chemicals and allied products,filers,100 CAMPUS DRIVE, FLORHAM PARK NJ 07932,US,NJ,cw_693609,0,151,2015,2012
1138118,cw_21293,CBRE GROUP INC,943391143,6500,Real estate,6500,Real estate,filers,400 SOUTH HOPE STREET, 25TH FLOOR, LOS ANGELES CA 90071,US,CA,cw_21293,0,11,2015,2003
29534,cw_536,DOLLAR GENERAL CORP,610502302,5331,Retail-variety stores,5300,General merchandise stores,filers,100 MISSION RIDGE, GOODLETTSVILLE TN 37072,US,TN,cw_536,0,23,2015,2003
51143,cw_945,INTERNATIONAL BUSINESS MACHINES CORP,130871985,3570,Computer & office equipment,3500,Industrial machinery and equipment,filers,1 NEW ORCHARD ROAD, ARMONK NY 10504,US,NY,cw_945,0,101,2015,2003
1130310,cw_20641,CENTERPOINT ENERGY INC,740694415,4911,Electric services,4900,Electric, gas, and sanitary services,filers,1111 LOUISIANA ST., HOUSTON TX 77002,US,TX,cw_20641,0,12,2015,2003
874766,cw_7682,HARTFORD FINANCIAL SERVICES GROUP INC,133317783,6331,Fire, marine & casualty insurance,6300,Insurance carriers,filers,ONE HARTFORD PLAZA, HARTFORD CT 06155,US,CT,cw_7682,0,81,2015,2003
1050915,cw_15184,QUANTA SERVICES INC,742851603,1731,Electrical work,1700,Special trade contractors,filers,2800 POST OAK BLVD, SUITE 2600, HOUSTON TX 77056-6175,US,TX,cw_15184,0,192,2015,2003
10795,cw_200,BECTON DICKINSON & CO,220760120,3841,Surgical & medical instruments & apparatus,3800,Instruments and related products,filers,ONE BECTON DR, FRANKLIN LAKES NJ 07417-1880,US,NJ,cw_200,0,0,2015,2003
1451505,cw_71662,Transocean Ltd,980599916,1381,Drilling oil & gas wells,1300,Oil and gas extraction,filers,BLANDONNET INTERNATIONAL BUSINESS CENTER, BLDG F, 7TH FLOOR, CHEMIN DE BLANDONNET, VERNIER V8 1214,CH,,cw_71662,0,346,2015,2008
1604778,cw_795980,Qorvo Inc,465288992,3674,Semiconductors & related devices,3600,Electrical and electronic equipment,filers,7628 THORNDIKE ROAD, GREENSBORO NC 27409,US,NC,cw_795980,0,45,2015,2014
1393311,cw_49886,Public Storage,953551121,6798,Real estate investment trusts,6700,Holding and other investment offices,filers,701 WESTERN AVENUE, GLENDALE CA 91201-2349,US,CA,cw_49886,0,2,2015,2007
875045,cw_7696,BIOGEN IDEC INC,330112644,2836,Biological products, (no disgnostic substances),2800,Chemicals and allied products,filers,225 BINNEY STREET, CAMBRIDGE MA 02142,US,MA,cw_7696,0,0,2015,2003
320193,cw_2660,APPLE INC,942404110,3571,Electronic computers,3500,Industrial machinery and equipment,filers,ONE INFINITE LOOP, CUPERTINO CA 95014,US,CA,cw_2660,0,4,2015,2003
93556,cw_1692,STANLEY BLACK & DECKER INC,60548860,3420,Cutlery, handtools & general hardware,3400,Fabricated metal products,filers,1000 STANLEY DR, P O BOX 7000, NEW BRITAIN CT 06053,US,CT,cw_1692,0,423,2015,2003
59558,cw_1079,LINCOLN NATIONAL CORP,351140070,6311,Life insurance,6300,Insurance carriers,filers,150 N RADNOR CHESTER RD, RADNOR PA 19087,US,PA,cw_1079,0,11,2015,2003
1037868,cw_14294,AMETEK INC,141682544,3621,Motors & generators,3600,Electrical and electronic equipment,filers,1100 CASSATT ROAD, PO BOX 1764, BERWYN PA 19312,US,PA,cw_14294,0,16,2015,2003
63754,cw_1140,MCCORMICK & CO INC,520408290,2090,Miscellaneous food preparations & kindred products,2000,Food and kindred products,filers,18 LOVETON CIRCLE, P O BOX 6000, SPARKS MD 21152,US,MD,cw_1140,0,24,2015,2003
808362,cw_5389,BAKER HUGHES INC,760207995,3533,Oil & gas field machinery & equipment,3500,Industrial machinery and equipment,filers,2929 ALLEN PARKWAY, SUITE 2100, HOUSTON TX 77019-2118,US,TX,cw_5389,0,1,2015,2003
1413329,cw_53940,Philip Morris International Inc,133435103,2111,Cigarettes,2100,Tobacco manufactures,filers,120 PARK AVENUE, NEW YORK NY 10017,US,NY,cw_53940,0,45,2015,2003
73124,cw_1320,NORTHERN TRUST CORP,362723087,6022,State commercial banks,6000,Depository institutions,filers,50 S LASALLE ST, CHICAGO IL 60603,US,IL,cw_1320,0,14,2015,2003
1045609,cw_14852,Prologis Inc,943281941,6798,Real estate investment trusts,6700,Holding and other investment offices,filers,PIER 1 BAY 1, SAN FRANCISCO CA 94111,US,CA,cw_14852,0,43,2015,2003
1115222,cw_19713,DUN & BRADSTREET CORP,223725387,7320,Services-consumer credit reporting, collection agencies,7300,Business services,filers,103 JFK PARKWAY, 103 JFK PARKWAY, SHORT HILLS NJ 07078,US,NJ,cw_19713,0,97,2015,2003
21076,cw_382,CLOROX CO,310595760,2842,Specialty cleaning, polishing and sanitation preparations,2800,Chemicals and allied products,filers,THE CLOROX COMPANY, 1221 BROADWAY, OAKLAND CA 94612-1888,US,CA,cw_382,0,96,2015,2003
1004434,cw_12020,AFFILIATED MANAGERS GROUP INC,43218510,6282,Investment advice,6200,Security, commodity brokers, and services,filers,600 HALE STREET, P.O. BOX 1000, PRIDES CROSSING MA 01965,US,MA,cw_12020,0,231,2015,2003
712515,cw_3256,ELECTRONIC ARTS INC,942838567,7372,Services-prepackaged software,7300,Business services,filers,209 REDWOOD SHORES PARKWAY, REDWOOD CITY CA 94065,US,CA,cw_3256,0,67,2015,2003
875159,cw_7700,XL GROUP PLC,980665416,6331,Fire, marine & casualty insurance,6300,Insurance carriers,filers,XL HOUSE, 8 ST. STEPHEN'S GREEN, DUBLIN L2 2,IE,,cw_7700,0,2,2015,2003
29989,cw_548,OMNICOM GROUP INC,131514814,7311,Services-advertising agencies,7300,Business services,filers,437 MADISON AVE, NEW YORK NY 10022,US,NY,cw_548,0,10,2015,2003
941548,cw_11324,CAMERON INTERNATIONAL CORP,760451843,3533,Oil & gas field machinery & equipment,3500,Industrial machinery and equipment,filers,1333 WEST LOOP SOUTH, STE 1700, HOUSTON TX 77027,US,TX,cw_11324,0,211,2015,2003
1524472,cw_661620,Xylem Inc,452080495,3561,Pumps & pumping equipment,3500,Industrial machinery and equipment,filers,1 INTERNATIONAL DRIVE, RYE BROOK NY 10573,US,NY,cw_661620,0,145,2015,2011
12659,cw_223,H&R BLOCK INC,440607856,7200,Services-personal services,7200,Personal services,filers,ONE H&R BLOCK WAY, KANSAS CITY MO 64105,US,MO,cw_223,0,74,2015,2003
12927,cw_227,BOEING CO,910425694,3721,Aircraft,3700,Transportation equipment,filers,P O BOX 3707 MS 1F 31, SEATTLE WA 98124,US,WA,cw_227,0,29,2015,2003
1045810,cw_14863,NVIDIA CORP,943177549,3674,Semiconductors & related devices,3600,Electrical and electronic equipment,filers,2701 SAN TOMAS EXPRESSWAY, SANTA CLARA CA 95050,US,CA,cw_14863,0,38,2015,2003
1308161,cw_37830,TWENTY FIRST CENTURY FOX INC,260075658,4841,Cable & other pay television services,4800,Communications,filers,1211 AVENUE OF THE AMERICAS, NEW YORK NY 10036,US,NY,cw_37830,0,19,2015,2004
1105705,cw_19059,TIME WARNER INC,134099534,4841,Cable & other pay television services,4800,Communications,filers,ONE TIME WARNER CENTER, NEW YORK NY 10019,US,NY,cw_19059,0,1,2015,2003
1339947,cw_41582,Viacom Inc,203515052,4841,Cable & other pay television services,4800,Communications,filers,1515 BROADWAY, NEW YORK NY 10036,US,NY,cw_41582,0,440,2015,2005
1012100,cw_12544,SEALED AIR CORP,650654331,2820,Plastic material, synth resin/rubber, cellulos (no glass),2800,Chemicals and allied products,filers,8215 FOREST POINT BLVD., CHARLOTTE NC 28273,US,NC,cw_12544,0,246,2015,2003
27419,cw_491,TARGET CORP,410215170,5331,Retail-variety stores,5300,General merchandise stores,filers,1000 NICOLLET MALL, MINNEAPOLIS MN 55403,US,MN,cw_491,0,5,2015,2003
915912,cw_9886,AVALONBAY COMMUNITIES INC,770404318,6798,Real estate investment trusts,6700,Holding and other investment offices,filers,671 N. GLEBE ROAD, SUITE 800, ARLINGTON VA 22203,US,VA,cw_9886,0,9,2015,2003
920148,cw_10162,LABORATORY CORP OF AMERICA HOLDINGS,133757370,8071,Services-medical laboratories,8000,Health services,filers,358 S MAIN ST, BURLINGTON NC 27215,US,NC,cw_10162,0,40,2015,2003
1032208,cw_13904,SEMPRA ENERGY,330732627,4932,Gas & other services combined,4900,Electric, gas, and sanitary services,filers,101 ASH STREET, P O BOX 129400, SAN DIEGO CA 92101,US,CA,cw_13904,0,11,2015,2003
1053507,cw_15349,AMERICAN TOWER CORP,650723837,6798,Real estate investment trusts,6700,Holding and other investment offices,filers,116 HUNTINGTON AVE, BOSTON MA 02116,US,MA,cw_15349,0,274,2015,2003
320187,cw_2659,NIKE INC,930584541,3021,Rubber & plastics footwear,3000,Rubber and miscellaneous plastics products,filers,ONE BOWERMAN DR, BEAVERTON OR 97005-6453,US,OR,cw_2659,0,149,2015,2003
1571949,cw_734991,Intercontinental Exchange Inc,0,6200,Security & commodity brokers, dealers, exchanges & services,6200,Security, commodity brokers, and services,filers,2100 RIVEREDGE PARKWAY, SUITE 500, ATLANTA GA 30328,US,GA,cw_734991,0,36,2015,2013
53669,cw_995,JOHNSON CONTROLS INC,390380010,2531,Public bldg & related furniture,2500,Furniture and fixtures,filers,5757 N GREEN BAY AVENUE, P O BOX 591, MILWAUKEE WI 53201,US,WI,cw_995,0,0,2015,2003
790070,cw_4847,EMC CORP,42680009,3572,Computer storage devices,3500,Industrial machinery and equipment,filers,176 SOUTH STREET, HOPKINTON MA 01748-9103,US,MA,cw_4847,0,6,2015,2003
80661,cw_1476,PROGRESSIVE CORP,340963169,6331,Fire, marine & casualty insurance,6300,Insurance carriers,filers,6300 WILSON MILLS RD, MAYFIELD VILLAGE OH 44143,US,OH,cw_1476,0,53,2015,2003
791907,cw_4910,LINEAR TECHNOLOGY CORP,942778785,3674,Semiconductors & related devices,3600,Electrical and electronic equipment,filers,1630 MCCARTHY BLVD, MILPITAS CA 95035,US,CA,cw_4910,0,9,2015,2003
1000697,cw_11807,WATERS CORP,133668640,3826,Laboratory analytical instruments,3800,Instruments and related products,filers,34 MAPLE ST, MILFORD MA 01757,US,MA,cw_11807,0,1,2015,2003
1377013,cw_46740,TIME WARNER CABLE INC,841496755,4841,Cable & other pay television services,4800,Communications,filers,60 COLUMBUS CIRCLE, 17TH FLOOR, NEW YORK NY 10023,US,NY,cw_46740,0,4,2015,2004
773840,cw_4548,HONEYWELL INTERNATIONAL INC,222640650,3714,Motor vehicle parts & accessories,3700,Transportation equipment,filers,101 COLUMBIA RD, PO BOX 4000, MORRISTOWN NJ 07962,US,NJ,cw_4548,0,40,2015,2003
6951,cw_122,APPLIED MATERIALS INC,941655526,3674,Semiconductors & related devices,3600,Electrical and electronic equipment,filers,3050 BOWERS AVE, SANTA CLARA CA 95054-3299,US,CA,cw_122,0,0,2015,2003
1467858,cw_398357,General Motors Co,270756180,3711,Motor vehicles & passenger car bodies,3700,Transportation equipment,filers,300 RENAISSANCE CENTER, DETROIT MI 48265-3000,US,MI,cw_398357,0,463,2015,2009
6281,cw_108,ANALOG DEVICES INC,42348234,3674,Semiconductors & related devices,3600,Electrical and electronic equipment,filers,ONE TECHNOLOGY WAY, NORWOOD MA 02062,US,MA,cw_108,0,0,2015,2003
103379,cw_1888,V F CORP,231180120,2320,Men's & boys' furnishgs, work clothg, & allied garments,2300,Apparel and other textile products,filers,105 CORPORATE CENTER BOULEVARD, GREENSBORO NC 27408,US,NC,cw_1888,0,102,2015,2003
106040,cw_1940,WESTERN DIGITAL CORP,330956711,3572,Computer storage devices,3500,Industrial machinery and equipment,filers,3355 MICHELSON DRIVE, SUITE 100, IRVINE CA 92612,US,CA,cw_1940,0,74,2015,2003
811156,cw_5515,CMS ENERGY CORP,382726431,4931,Electric & other services combined,4900,Electric, gas, and sanitary services,filers,ONE ENERGY PLAZA, JACKSON MI 49201,US,MI,cw_5515,0,6,2015,2003
783325,cw_4696,WISCONSIN ENERGY CORP,391391525,4931,Electric & other services combined,4900,Electric, gas, and sanitary services,filers,231 W MICHIGAN ST, P O BOX 1331, MILWAUKEE WI 53201,US,WI,cw_4696,0,15,2015,2003
49826,cw_915,ILLINOIS TOOL WORKS INC,361258310,3560,General industrial machinery & equipment,3500,Industrial machinery and equipment,filers,155 HARLEM AVENUE, GLENVIEW IL 60025,US,IL,cw_915,0,591,2015,2003
820027,cw_5859,AMERIPRISE FINANCIAL INC,133180631,6282,Investment advice,6200,Security, commodity brokers, and services,filers,1099 AMERIPRISE FINANCIAL CENTER, MINNEAPOLIS MN 55474,US,MN,cw_5859,0,133,2015,2003
1037540,cw_14272,BOSTON PROPERTIES INC,42473675,6798,Real estate investment trusts,6700,Holding and other investment offices,filers,800 BOYLSTON STREET, SUITE 1900, BOSTON MA 02199,US,MA,cw_14272,0,289,2015,2003
75362,cw_1373,PACCAR INC,910351110,3711,Motor vehicles & passenger car bodies,3700,Transportation equipment,filers,PACCAR BUILDING, 777 106TH AVENUE NE, BELLEVUE WA 98004,US,WA,cw_1373,0,38,2015,2003
1099800,cw_18654,Edwards Lifesciences Corp,364316614,3842,Orthopedic, prosthetic & surgical appliances & supplies,3800,Instruments and related products,filers,ONE EDWARDS WAY, IRVINE CA 92614,US,CA,cw_18654,0,54,2015,2003
35527,cw_671,FIFTH THIRD BANCORP,310854434,6022,State commercial banks,6000,Depository institutions,filers,38 FOUNTAIN SQ PLZ, FIFTH THIRD CENTER, CINCINNATI OH 45263,US,OH,cw_671,0,1,2015,2003
56873,cw_1047,KROGER CO,310345740,5411,Retail-grocery stores,5400,Food stores,filers,1014 VINE ST, CINCINNATI OH 45201,US,OH,cw_1047,0,154,2015,2003
949039,cw_11695,DIAMOND OFFSHORE DRILLING INC,760321760,1381,Drilling oil & gas wells,1300,Oil and gas extraction,filers,15415 KATY FREEWAY, HOUSTON TX 77094,US,TX,cw_1084,1,14,2015,2003
60667,cw_1090,LOWES COMPANIES INC,560578072,5211,Retail-lumber & other building materials dealers,5200,Building materials, hardware, garden supply, & mobile home,filers,1000 LOWE'S BLVD., MOORESVILLE NC 28117,US,NC,cw_1090,0,1,2015,2003
813828,cw_5665,CBS CORP,42949533,4833,Television broadcasting stations,4800,Communications,filers,51 WEST 52ND STREET, 35TH FLOOR, NEW YORK NY 10019,US,NY,cw_5665,0,571,2015,2003
1168054,cw_23175,CIMAREX ENERGY CO,450466694,1311,Crude petroleum & natural gas,1300,Oil and gas extraction,filers,1700 LINCOLN STREET, SUITE 3700, DENVER CO 80203-4518,US,CO,cw_23175,0,10,2015,2003
1135152,cw_21024,FMC TECHNOLOGIES INC,364412642,3533,Oil & gas field machinery & equipment,3500,Industrial machinery and equipment,filers,5875 N SAM HOUSTON PARKWAY W, HOUSTON TX 77086,US,TX,cw_21024,0,35,2015,2003
723125,cw_3529,MICRON TECHNOLOGY INC,751618004,3674,Semiconductors & related devices,3600,Electrical and electronic equipment,filers,8000 S FEDERAL WAY, PO BOX 6, BOISE ID 83716-9632,US,ID,cw_3529,0,9,2015,2003
743988,cw_3975,XILINX INC,770188631,3674,Semiconductors & related devices,3600,Electrical and electronic equipment,filers,2100 LOGIC DR, SAN JOSE CA 95124,US,CA,cw_3975,0,27,2015,2003
89800,cw_1630,SHERWIN WILLIAMS CO,340526850,5200,Retail-building materials, hardware, garden supply,5200,Building materials, hardware, garden supply, & mobile home,filers,101 PROSPECT AVE NW, CLEVELAND OH 44115,US,OH,cw_1630,0,64,2015,2003
315852,cw_2534,RANGE RESOURCES CORP,341312571,1311,Crude petroleum & natural gas,1300,Oil and gas extraction,filers,100 THROCKMORTON STE. 1200, FT WORTH TX 76102,US,TX,cw_2534,0,6,2015,2003
1567892,cw_728238,Mallinckrodt plc,981088325,2834,Pharmaceutical preparations,2800,Chemicals and allied products,filers,DAMASTOWN, MULHUDDART, DUBLIN L2 15,IE,,cw_728238,0,0,2015,2013
68505,cw_1227,Motorola Solutions Inc,361115800,3663,Radio & tv broadcasting & communications equipment,3600,Electrical and electronic equipment,filers,1303 E ALGONQUIN RD, SCHAUMBURG IL 60196,US,IL,cw_1227,0,1,2015,2003
31791,cw_590,PERKINELMER INC,42052042,3826,Laboratory analytical instruments,3800,Instruments and related products,filers,940 WINTER STREET, WALTHAM MA 02451,US,MA,cw_590,0,89,2015,2003
1063761,cw_16053,SIMON PROPERTY GROUP INC,46268599,6798,Real estate investment trusts,6700,Holding and other investment offices,filers,225 WEST WASHINGTON STREET, INDIANAPOLIS IN 46204-3438,US,IN,cw_16053,0,17,2015,2003
320335,cw_2668,TORCHMARK CORP,630780404,6311,Life insurance,6300,Insurance carriers,filers,3700 SOUTH STONEBRIDGE DRIVE, MCKINNEY TX 75070,US,TX,cw_2668,0,0,2015,2003
73309,cw_1323,NUCOR CORP,131860817,3312,Steel works, blast furnaces & rolling mills (coke ovens),3300,Primary metal industries,filers,1915 REXFORD RD, CHARLOTTE NC 28211,US,NC,cw_1323,0,23,2015,2003
36270,cw_684,M&T BANK CORP,160968385,6022,State commercial banks,6000,Depository institutions,filers,C/O CORPORATE REPORTING, ONE M&T PLAZA 5TH FLOOR, BUFFALO NY 14203,US,NY,cw_684,0,0,2015,2003
9389,cw_177,BALL CORP,350160610,3411,Metal cans,3400,Fabricated metal products,filers,10 LONGS PEAK DRIVE, BROOMFIELD CO 80021-2510,US,CO,cw_177,0,114,2015,2003
316206,cw_2543,STARWOOD HOTEL & RESORTS WORLDWIDE INC,521193298,7011,Hotels & motels,7000,Hotels, rooming houses, camps, and other lodging places,filers,ONE STARPOINT, STAMFORD CT 06902,US,CT,cw_2543,0,1,2015,2003
79958,cw_1464,PRECISION CASTPARTS CORP,930460598,3320,Iron & steel foundries,3300,Primary metal industries,filers,4650 SW MACADAM AVE, STE 440, PORTLAND OR 97239,US,OR,cw_1464,0,183,2015,2003
1000228,cw_11781,HENRY SCHEIN INC,113136595,5047,Wholesale-medical, dental & hospital equipment & supplies,5000,Wholesale trade--durable goods,filers,135 DURYEA RD, MELVILLE NY 11747,US,NY,cw_11781,0,8,2015,2003
701221,cw_3021,CIGNA CORP,61059331,6324,Hospital & medical service plans,6300,Insurance carriers,filers,900 COTTAGE GROVE ROAD, BLOOMFIELD CT 06002,US,CT,cw_3021,0,134,2015,2003
1545158,cw_685291,Kraft Foods Group Inc,363083135,2000,Food and kindred products,2000,Food and kindred products,filers,THREE LAKES DRIVE, NORTHFIELD IL 60093,US,IL,cw_685291,0,26,2015,2012
66740,cw_1193,3M CO,410417775,3841,Surgical & medical instruments & apparatus,3800,Instruments and related products,filers,3M CENTER, BLDG. 220-11W-02, ST PAUL MN 55144-1000,US,MN,cw_1193,0,94,2015,2003
1067701,cw_16281,UNITED RENTALS INC,61522496,7359,Services-equipment rental & leasing, nec,7300,Business services,filers,100 FIRST STAMFORD PLACE, 7TH FLOOR, STAMFORD CT 06902,US,CT,cw_14953,1,6,2015,2003
858470,cw_7058,CABOT OIL & GAS CORP,43072771,1311,Crude petroleum & natural gas,1300,Oil and gas extraction,filers,840 GESSNER ROAD, SUITE 1400, HOUSTON TX 77024,US,TX,cw_7058,0,1,2015,2003
1364742,cw_44958,BlackRock Inc,,6211,Security brokers, dealers & flotation companies,6200,Security, commodity brokers, and services,filers,55 EAST 52ND STREET, NEW YORK NY 10055,US,NY,cw_44958,0,125,2015,2006
1506307,cw_623416,KINDER MORGAN INC,260238387,4922,Natural gas transmission,4900,Electric, gas, and sanitary services,filers,1001 LOUISIANA STREET, SUITE 1000, HOUSTON TX 77002,US,TX,cw_623416,0,4,2015,2010
23217,cw_416,CONAGRA FOODS INC,470248710,2000,Food and kindred products,2000,Food and kindred products,filers,ONE CONAGRA DR, OMAHA NE 68102,US,NE,cw_416,0,11,2015,2003
1122304,cw_20119,AETNA INC,232229683,6324,Hospital & medical service plans,6300,Insurance carriers,filers,151 FARMINGTON AVENUE, HARTFORD CT 06156,US,CT,cw_20119,0,166,2015,2003
891024,cw_8502,PATTERSON COMPANIES INC,410886515,5047,Wholesale-medical, dental & hospital equipment & supplies,5000,Wholesale trade--durable goods,filers,1031 MENDOTA HEIGHTS RD, ST PAUL MN 55120-1401,US,MN,cw_8502,0,35,2015,2003
773910,cw_4550,ANADARKO PETROLEUM CORP,760146568,1311,Crude petroleum & natural gas,1300,Oil and gas extraction,filers,1201 LAKE ROBBINS DRIVE, THE WOODLANDS TX 77380-1046,US,TX,cw_4550,0,3,2015,2003
816284,cw_5764,CELGENE CORP,222711928,2834,Pharmaceutical preparations,2800,Chemicals and allied products,filers,86 MORRIS AVENUE, SUMMIT NJ 07901,US,NJ,cw_5764,0,103,2015,2003
895126,cw_8711,CHESAPEAKE ENERGY CORP,731395733,1311,Crude petroleum & natural gas,1300,Oil and gas extraction,filers,6100 N WESTERN AVE, OKLAHOMA CITY OK 73118,US,OK,cw_8711,0,10,2015,2003
886982,cw_8274,GOLDMAN SACHS GROUP INC,134019460,6211,Security brokers, dealers & flotation companies,6200,Security, commodity brokers, and services,filers,200 WEST STREET, NEW YORK NY 10282,US,NY,cw_8274,0,27,2015,2003
916076,cw_9892,MARTIN MARIETTA MATERIALS INC,561848578,1400,Mining & quarrying of nonmetallic minerals (no fuels),1400,Nonmetallic minerals, except fuels,filers,2710 WYCLIFF RD, RALEIGH NC 27607,US,NC,cw_9892,0,50,2015,2003
1109357,cw_19363,EXELON CORP,232990190,4931,Electric & other services combined,4900,Electric, gas, and sanitary services,filers,PO BOX 805398, CHICAGO IL 60680-5398,US,IL,cw_406,4,357,2015,2003
1011006,cw_12478,YAHOO INC,770398689,7373,Services-computer integrated systems design,7300,Business services,filers,YAHOO! INC., 701 FIRST AVENUE, SUNNYVALE CA 94089,US,CA,cw_12478,0,107,2015,2003
72971,cw_1315,WELLS FARGO & Co,410449260,6021,National commercial banks,6000,Depository institutions,filers,420 MONTGOMERY STREET, SAN FRANCISCO CA 94163,US,CA,cw_1315,0,1420,2015,2003
1393612,cw_49933,Discover Financial Services,362517428,6141,Personal credit institutions,6100,Nondepository credit institutions,filers,2500 LAKE COOK ROAD, RIVERWOODS IL 60015,US,IL,cw_49933,0,25,2015,2007
833444,cw_6297,TYCO INTERNATIONAL plc,0,7380,Services-miscellaneous business services,7300,Business services,filers,UNIT 1202, BUILDING 1000, CITY GATE, MAHON, CORK L2 00000,IE,,cw_6297,0,65,2015,2003
37785,cw_717,FMC CORP,940479804,2800,Chemicals & allied products,2800,Chemicals and allied products,filers,1735 MARKET STREET, PHILADELPHIA PA 19103,US,PA,cw_717,0,29,2015,2003
356028,cw_2907,CA INC,132857434,7372,Services-prepackaged software,7300,Business services,filers,520 MADISON AVENUE, NEW YORK NY 10022,US,NY,cw_2907,0,13,2015,2003
831001,cw_6207,CITIGROUP INC,521568099,6021,National commercial banks,6000,Depository institutions,filers,399 PARK AVENUE, NEW YORK NY 10022,US,NY,cw_6207,0,267,2015,2003
793952,cw_4975,HARLEY DAVIDSON INC,391382325,3751,Motorcycles, bicycles & parts,3700,Transportation equipment,filers,3700 W JUNEAU AVE, MILWAUKEE WI 53208,US,WI,cw_4975,0,58,2015,2003
1065088,cw_16146,EBAY INC,770430924,7389,Services-business services, nec,7300,Business services,filers,2065 HAMILTON AVENUE, SAN JOSE CA 95125,US,CA,cw_16146,0,131,2015,2003
915389,cw_9857,EASTMAN CHEMICAL CO,621539359,2821,Plastic materials, synth resins & nonvulcan elastomers,2800,Chemicals and allied products,filers,PO BOX 511, 200 SOUTH WILCOX DRIVE, KINGSPORT TN 37660,US,TN,cw_9857,0,193,2015,2003
769397,cw_4454,AUTODESK INC,942819853,7372,Services-prepackaged software,7300,Business services,filers,111 MCINNIS PKWY, SAN RAFAEL CA 94903,US,CA,cw_4454,0,61,2015,2003
885725,cw_8224,BOSTON SCIENTIFIC CORP,42695240,3841,Surgical & medical instruments & apparatus,3800,Instruments and related products,filers,300 BOSTON SCIENTIFIC WAY, MARLBOROUGH MA 01752-1234,US,MA,cw_8224,0,100,2015,2003
100493,cw_1816,TYSON FOODS INC,710225165,2015,Poultry slaughtering and processing,2000,Food and kindred products,filers,2200 DON TYSON PARKWAY, SPRINGDALE AR 72762-6999,US,AR,cw_1816,0,0,2015,2003
1530721,cw_666798,Michael Kors Holdings Ltd,0,3100,Leather & leather products,3100,Leather and leather products,filers,33 KINGSWAY, LONDON X0 WC2B 6UF,GB,,cw_666798,0,43,2015,2011
59478,cw_1076,LILLY ELI & CO,350470950,2834,Pharmaceutical preparations,2800,Chemicals and allied products,filers,LILLY CORPORATE CTR, DROP CODE 1112, INDIANAPOLIS IN 46285,US,IN,cw_1076,0,155,2015,2003
860730,cw_7153,HCA Holdings Inc,273865930,8062,Services-general medical & surgical hospitals, nec,8000,Health services,filers,ONE PARK PLZ, NASHVILLE TN 37203,US,TN,cw_7153,0,18,2015,2003
1326160,cw_40060,Duke Energy CORP,202777218,4931,Electric & other services combined,4900,Electric, gas, and sanitary services,filers,550 SOUTH TRYON STREET, DEC45, CHARLOTTE NC 28202,US,NC,cw_40060,0,316,2015,2005
40704,cw_774,GENERAL MILLS INC,410274440,2040,Grain mill products,2000,Food and kindred products,filers,NUMBER ONE GENERAL MILLS BLVD, MINNEAPOLIS MN 55426,US,MN,cw_774,0,237,2015,2003
1521332,cw_659000,Delphi Automotive PLC,0,3714,Motor vehicle parts & accessories,3700,Transportation equipment,filers,COURTENEY ROAD, HOATH WAY, GILLINGHAM, KENT X0 ME8 0RU,GB,,cw_659000,0,16,2015,2011
319201,cw_2628,KLA TENCOR CORP,42564110,3827,Optical instruments & lenses,3800,Instruments and related products,filers,ONE TECHNOLOGY DRIVE, MILPITAS CA 95035,US,CA,cw_2628,0,44,2015,2003
4904,cw_75,AMERICAN ELECTRIC POWER CO INC,134922640,4911,Electric services,4900,Electric, gas, and sanitary services,filers,1 RIVERSIDE PLAZA, COLUMBUS OH 43215,US,OH,cw_75,0,26,2015,2003
1060391,cw_15858,REPUBLIC SERVICES INC,650716904,4953,Refuse systems,4900,Electric, gas, and sanitary services,filers,18500 N. ALLIED WAY, PHOENIX AZ 85054,US,AZ,cw_15858,0,596,2015,2003
1038357,cw_14329,PIONEER NATURAL RESOURCES CO,752702753,1311,Crude petroleum & natural gas,1300,Oil and gas extraction,filers,200 WILLIAMS SQUARE WEST, 5205 N OCONNOR BLVD, IRVING TX 75039,US,TX,cw_14329,0,30,2015,2003
106535,cw_1949,WEYERHAEUSER CO,910470860,6798,Real estate investment trusts,6700,Holding and other investment offices,filers,33663 WEYERHAEUSER WAY SOUTH, FEDERAL WAY WA 98003,US,WA,cw_1949,0,41,2015,2003
746515,cw_4026,EXPEDITORS INTERNATIONAL OF WASHINGTON INC,911069248,4731,Arrangement of transportation of freight & cargo,4700,Transportation services,filers,1015 THIRD AVENUE 12TH FLOOR, SEATTLE WA 98104,US,WA,cw_4026,0,73,2015,2003
1018724,cw_12996,AMAZON COM INC,911646860,5961,Retail-catalog & mail-order houses,5900,Miscellaneous retail,filers,410 TERRY AVENUE NORTH, SEATTLE WA 98109,US,WA,cw_12996,0,11,2015,2003
70858,cw_1264,BANK OF AMERICA CORP,560906609,6021,National commercial banks,6000,Depository institutions,filers,BANK OF AMERICA CORPORATE CENTER, 100 N TRYON ST, CHARLOTTE NC 28255,US,NC,cw_1264,0,102,2015,2003
1031296,cw_13849,FIRSTENERGY CORP,341843785,4911,Electric services,4900,Electric, gas, and sanitary services,filers,76 SOUTH MAIN ST, AKRON OH 44308-1890,US,OH,cw_13849,0,14,2015,2003
52988,cw_986,JACOBS ENGINEERING GROUP INC,954081636,1600,Heavy construction other than bldg const - contractors,1600,Heavy construction contractors,filers,155 NORTH LAKE AVENUE, PASADENA CA 91101,US,CA,cw_986,0,0,2015,2003
37996,cw_721,FORD MOTOR CO,380549190,3711,Motor vehicles & passenger car bodies,3700,Transportation equipment,filers,ONE AMERICAN ROAD, DEARBORN MI 48126,US,MI,cw_721,0,9,2015,2003
1056239,cw_15572,L 3 COMMUNICATIONS HOLDINGS INC,133937434,3663,Radio & tv broadcasting & communications equipment,3600,Electrical and electronic equipment,filers,600 THIRD AVENUE, 34TH FLOOR, NEW YORK NY 10016,US,NY,cw_15572,1,106,2015,2003
354908,cw_2866,FLIR SYSTEMS INC,930708501,3812,Search, detection, navagation, guidance, aeronautical sys,3800,Instruments and related products,filers,27700 SW PARKWAY AVENUE, WILSONVILLE OR 97070,US,OR,cw_2866,0,6,2015,2003
883569,cw_8073,Fossil Group Inc,752018505,3873,Watches, clocks, clockwork operated devices/parts,3800,Instruments and related products,filers,901 S CENTRAL EXPRESSWAY, RICHARDSON TX 75080,US,TX,cw_8073,0,67,2015,2003
21344,cw_391,COCA COLA CO,580628465,2080,Beverages,2000,Food and kindred products,filers,ONE COCA COLA PLAZA, ATLANTA GA 30313,US,GA,cw_391,0,57,2015,2003
764478,cw_4345,BEST BUY CO INC,410907483,5731,Retail-radio, tv & consumer electronics stores,5700,Furniture, home furnishings and equipment stores,filers,7601 PENN AVE SOUTH, RICHFIELD MN 55423,US,MN,cw_4345,0,81,2015,2003
1040971,cw_14495,SL GREEN REALTY CORP,133956775,6798,Real estate investment trusts,6700,Holding and other investment offices,filers,420 LEXINGTON AVENUE, NEW YORK NY 10170,US,NY,cw_608339,1,193,2015,2003
865436,cw_7324,WHOLE FOODS MARKET INC,741989366,5411,Retail-grocery stores,5400,Food stores,filers,550 BOWIE STREET, AUSTIN TX 78703,US,TX,cw_7324,0,44,2015,2003
851968,cw_6826,MOHAWK INDUSTRIES INC,521604305,2273,Carpets & rugs,2200,Textile mill products,filers,160 S INDUSTRIAL BLVD, PO BOX 12069, CALHOUN GA 30701,US,GA,cw_6826,0,151,2015,2003
30625,cw_569,FLOWSERVE CORP,310267900,3561,Pumps & pumping equipment,3500,Industrial machinery and equipment,filers,5215 N. O'CONNOR BLVD., SUITE 2300, IRVING TX 75039,US,TX,cw_569,0,148,2015,2003
106640,cw_1951,WHIRLPOOL CORP,381490038,3630,Household appliances,3600,Electrical and electronic equipment,filers,WHIRLPOOL CNTR 2000 M 63, C/O CORPORATE SECRETARY, BENTON HARBOR MI 49022-2692,US,MI,cw_1951,0,199,2015,2003
914208,cw_9781,Invesco Ltd,980557567,6282,Investment advice,6200,Security, commodity brokers, and services,filers,1555 PEACHTREE STREET NE, SUITE 1800, ATLANTA GA 30309,US,GA,cw_9781,0,132,2015,2003
108772,cw_1982,XEROX CORP,160468020,7389,Services-business services, nec,7300,Business services,filers,45 GLOVER AVENUE, PO BOX 4505, NORWALK CT 06856,US,CT,cw_1982,0,442,2015,2003
814453,cw_5704,NEWELL RUBBERMAID INC,363514169,3089,Plastics products, nec,3000,Rubber and miscellaneous plastics products,filers,THREE GLENLAKE PARKWAY, ATLANTA GA 30328,US,GA,cw_5704,0,66,2015,2003
872589,cw_7602,REGENERON PHARMACEUTICALS INC,133444607,2834,Pharmaceutical preparations,2800,Chemicals and allied products,filers,777 OLD SAW MILL RIVER ROAD, TARRYTOWN NY 10591,US,NY,cw_7602,0,10,2015,2003
1070412,cw_16449,CONSOL Energy Inc,510337383,1221,Bituminous coal & lignite surface mining,1200,Coal mining,filers,CNX CENTER, 1000 CONSOL ENERGY DRIVE, CANONSBURG PA 15317,US,PA,cw_16449,0,31,2015,2003
1526520,cw_663315,TripAdvisor Inc,800743202,7370,Services-computer programming, data processing, etc.,7300,Business services,filers,141 NEEDHAM STREET, NEWTON MA 02464,US,MA,cw_801586,1,6,2015,2011
1551152,cw_690234,AbbVie Inc,320375147,2834,Pharmaceutical preparations,2800,Chemicals and allied products,filers,1 NORTH WAUKEGAN ROAD, NORTH CHICAGO IL 60064,US,IL,cw_690234,0,127,2015,2012
1275283,cw_34342,REYNOLDS AMERICAN INC,200546644,2111,Cigarettes,2100,Tobacco manufactures,filers,401 NORTH MAIN ST, WINSTON SALEM NC 27102,US,NC,cw_34342,0,39,2015,2004
728535,cw_3662,HUNT J B TRANSPORT SERVICES INC,710335111,4213,Trucking (no local),4200,Motor freight transportation and warehousing,filers,615 JB HUNT CORPORATE DR, PO BOX 130, LOWELL AR 72745,US,AR,cw_3662,0,7,2015,2003
1324424,cw_39855,Expedia Inc,202705720,4700,Transportation services,4700,Transportation services,filers,333 108TH AVENUE NE, BELLEVUE WA 98004,US,WA,cw_39855,0,172,2015,2005
874761,cw_7681,AES CORP,541163725,4991,Cogeneration services & small power producers,4900,Electric, gas, and sanitary services,filers,4300 WILSON BOULEVARD, ARLINGTON VA 22203,US,VA,cw_7681,0,701,2015,2003
1021860,cw_13204,NATIONAL OILWELL VARCO INC,760475815,3533,Oil & gas field machinery & equipment,3500,Industrial machinery and equipment,filers,7909 PARKWOOD CIRCLE DR, HOUSTON TX 77036,US,TX,cw_13204,0,411,2015,2003
916365,cw_9901,TRACTOR SUPPLY CO,133139732,5200,Retail-building materials, hardware, garden supply,5200,Building materials, hardware, garden supply, & mobile home,filers,5401 VIRGINIA WAY, BRENTWOOD TN 37027,US,TN,cw_9901,0,7,2015,2003
39911,cw_759,GAP INC,941697231,5651,Retail-family clothing stores,5600,Apparel and accessory stores,filers,TWO FOLSOM STREET, SAN FRANCISCO CA 94105,US,CA,cw_759,0,59,2015,2003
1111711,cw_19495,NISOURCE INC,,4931,Electric & other services combined,4900,Electric, gas, and sanitary services,filers,801 EAST 86TH AVE, MERRILLVILLE IN 46410-6272,US,IN,cw_19495,0,25,2015,2003
906107,cw_9388,EQUITY RESIDENTIAL,363877868,6798,Real estate investment trusts,6700,Holding and other investment offices,filers,EQUITY RESIDENTIAL, TWO NORTH RIVERSIDE PLAZA, SUITE 400, CHICAGO IL 60606,US,IL,cw_9388,0,1262,2015,2003
80424,cw_1475,PROCTER & GAMBLE Co,310411980,2840,Soap, detergents, cleang preparations, perfumes, cosmetics,2800,Chemicals and allied products,filers,ONE PROCTER & GAMBLE PLAZA, CINCINNATI OH 45202,US,OH,cw_1475,0,339,2015,2003
50104,cw_925,TESORO CORP,950862768,2911,Petroleum refining,2900,Petroleum and coal products,filers,19100 RIDGEWOOD PKWY, SAN ANTONIO TX 78259-1828,US,TX,cw_925,0,3,2015,2003
19617,cw_356,JPMORGAN CHASE & CO,132624428,6021,National commercial banks,6000,Depository institutions,filers,270 PARK AVE, 38TH FL, NEW YORK NY 10017,US,NY,cw_356,0,48,2015,2003
1090012,cw_17907,DEVON ENERGY CORP,731567067,1311,Crude petroleum & natural gas,1300,Oil and gas extraction,filers,333 W. SHERIDAN AVENUE, OKLAHOMA CITY OK 73102,US,OK,cw_17907,0,11,2015,2003
1099219,cw_18613,METLIFE INC,134075851,6311,Life insurance,6300,Insurance carriers,filers,1095 AVENUE OF AMERICAS, NEW YORK NY 10036,US,NY,cw_18613,0,381,2015,2003
768251,cw_4423,ALTERA CORP,770016691,3674,Semiconductors & related devices,3600,Electrical and electronic equipment,filers,101 INNOVATION DR, SAN JOSE CA 95134,US,CA,cw_4423,0,3,2015,2003
217346,cw_2174,TEXTRON INC,50315468,3720,Aircraft & parts,3700,Transportation equipment,filers,40 WESTMINSTER ST, PROVIDENCE RI 02903,US,RI,cw_2174,0,28,2015,2003
1120193,cw_19972,NASDAQ OMX GROUP INC,521165937,6200,Security & commodity brokers, dealers, exchanges & services,6200,Security, commodity brokers, and services,filers,ONE LIBERTY PLAZA, NEW YORK NY 10006,US,NY,cw_19972,0,39,2015,2003
1361658,cw_44576,WYNDHAM WORLDWIDE CORP,200052541,7011,Hotels & motels,7000,Hotels, rooming houses, camps, and other lodging places,filers,22 SYLVAN WAY, PARSIPPANY NJ 07054,US,NJ,cw_44576,0,13,2015,2006
1378946,cw_47053,Peoples United Financial Inc,0,6035,Savings institution, federally chartered,6000,Depository institutions,filers,C/O PEOPLE'S BANK, 850 MAIN STREET, BRIDGEPORT CT 06604,US,CT,cw_47053,0,13,2015,2005
1090872,cw_17995,AGILENT TECHNOLOGIES INC,770518772,3825,Instruments for meas & testing of electricity & elec signals,3800,Instruments and related products,filers,5301 STEVENS CREEK BLVD, SANTA CLARA CA 95051,US,CA,cw_17995,0,0,2015,2003
1075531,cw_16788,Priceline Group Inc,61528493,7389,Services-business services, nec,7300,Business services,filers,800 CONNECTICUT AVE, NORWALK CT 06854,US,CT,cw_16788,0,14,2015,2003
1103982,cw_18909,Mondelez International Inc,522284372,2000,Food and kindred products,2000,Food and kindred products,filers,THREE PARKWAY NORTH, DEERFIELD IL 60015,US,IL,cw_18909,0,441,2015,2003
1048695,cw_15046,F5 NETWORKS INC,911714307,3576,Computer communications equipment,3500,Industrial machinery and equipment,filers,401 ELLIOT AVE WEST, STE 500, SEATTLE WA 98119,US,WA,cw_15046,0,34,2015,2003
72741,cw_1308,NORTHEAST UTILITIES,42147929,4911,Electric services,4900,Electric, gas, and sanitary services,filers,300 CADWELL DRIVE, SPRINGFIELD MA 01104,US,MA,cw_1308,0,27,2015,2003
92230,cw_1667,BB&T CORP,560939887,6021,National commercial banks,6000,Depository institutions,filers,200 WEST SECOND STREET, WINSTON-SALEM NC 27101,US,NC,cw_1667,0,9,2015,2003
1022079,cw_13222,QUEST DIAGNOSTICS INC,161387862,8071,Services-medical laboratories,8000,Health services,filers,3 GIRALDA FARMS, MADISON NJ 07940,US,NJ,cw_13222,0,58,2015,2003
18926,cw_336,CENTURYLINK INC,720651161,4813,Telephone communications (no radiotelephone),4800,Communications,filers,P O BOX 4065, 100 CENTURYLINK DR, MONROE LA 71203,US,LA,cw_336,0,256,2015,2003
884629,cw_8159,Actavis Inc,953872914,2834,Pharmaceutical preparations,2800,Chemicals and allied products,filers,MORRIS CORPORATE CENTER III, 400 INTERPACE PARKWAY, PARSIPPANY NJ 07054,US,NJ,cw_815912,2,0,2015,2003
1067983,cw_16297,BERKSHIRE HATHAWAY INC,470813844,6331,Fire, marine & casualty insurance,6300,Insurance carriers,filers,3555 FARNAM STREET, OMAHA NE 68131,US,NE,cw_16297,0,227,2015,2003
54480,cw_1008,KANSAS CITY SOUTHERN,440663509,4011,Railroads, line-haul operating,4000,Railroads?,filers,427 W 12TH STREET, KANSAS CITY MO 64105,US,MO,cw_1008,0,44,2015,2003
858877,cw_7078,CISCO SYSTEMS INC,770059951,3576,Computer communications equipment,3500,Industrial machinery and equipment,filers,170 WEST TASMAN DR, SAN JOSE CA 95134-1706,US,CA,cw_7078,0,312,2015,2003
1492633,cw_608157,Nielsen N.V.,980662038,7389,Services-business services, nec,7300,Business services,filers,85 BROAD STREET, NEW YORK NY 10004,US,NY,cw_608157,1,25,2015,2010
1159297,cw_22506,MEADWESTVACO Corp,311797999,2621,Paper mills,2600,Paper and allied products,filers,501 SOUTH 5TH STREET, MWV WORLD HEADQUARTERS, RICHMOND VA 23219-0501,US,VA,cw_22506,0,6,2015,2003
9892,cw_191,BARD C R INC,221454160,3841,Surgical & medical instruments & apparatus,3800,Instruments and related products,filers,730 CENTRAL AVE, MURRAY HILL NJ 07974,US,NJ,cw_191,0,15,2015,2003
879101,cw_7861,KIMCO REALTY CORP,132744380,6798,Real estate investment trusts,6700,Holding and other investment offices,filers,3333 NEW HYDE PARK RD, PO BOX 5020, NEW HYDE PARK NY 11042,US,NY,cw_7861,0,0,2015,2003
798354,cw_5108,FISERV INC,391506125,7374,Services-computer processing & data preparation,7300,Business services,filers,255 FISERV DR, PO BOX 979, BROOKFIELD WI 53045,US,WI,cw_5108,0,18,2015,2003
6201,cw_105,American Airlines Group Inc,751825172,4512,Air transportation, scheduled,4500,Transportation by air,filers,4333 AMON CARTER BLVD, FORT WORTH TX 76155,US,TX,cw_105,0,6,2015,2003
1048286,cw_15021,MARRIOTT INTERNATIONAL INC,522055918,7011,Hotels & motels,7000,Hotels, rooming houses, camps, and other lodging places,filers,10400 FERNWOOD ROAD, BETHESDA MD 20817,US,MD,cw_15021,0,16,2015,2003
1002047,cw_11878,NetApp Inc,770307520,3572,Computer storage devices,3500,Industrial machinery and equipment,filers,495 EAST JAVA DR, SUNNYVALE CA 94089,US,CA,cw_11878,0,57,2015,2003
72333,cw_1303,NORDSTROM INC,910515058,5651,Retail-family clothing stores,5600,Apparel and accessory stores,filers,1617 SIXTH AVENUE, SEATTLE WA 98101-4407,US,WA,cw_1303,0,4,2015,2003
1043604,cw_14699,JUNIPER NETWORKS INC,770422528,3576,Computer communications equipment,3500,Industrial machinery and equipment,filers,1194 NORTH MATHILDA AVE, SUNNYVALE CA 94089,US,CA,cw_14699,0,3,2015,2003
794323,cw_4988,LEVEL 3 COMMUNICATIONS INC,470210602,4813,Telephone communications (no radiotelephone),4800,Communications,filers,1025 ELDORADO BOULEVARD, BLDG 2000, BROOMFIELD CO 80021,US,CO,cw_4988,0,170,2015,2003
899689,cw_9019,VORNADO REALTY TRUST,221657560,6798,Real estate investment trusts,6700,Holding and other investment offices,filers,888 SEVENTH AVE, NEW YORK NY 10019,US,NY,cw_9019,0,859,2015,2003
1593538,cw_777570,NAVIENT CORP,464054283,6211,Security brokers, dealers & flotation companies,6200,Security, commodity brokers, and services,filers,123 JUSTISON STREET, SUITE 300, WILMINGTON DE 19801,US,DE,cw_777570,0,5,2015,2013
702165,cw_3057,NORFOLK SOUTHERN CORP,521188014,4011,Railroads, line-haul operating,4000,Railroads?,filers,THREE COMMERCIAL PL, NORFOLK VA 23510-2191,US,VA,cw_3057,0,75,2015,2003
93410,cw_1688,CHEVRON CORP,940890210,2911,Petroleum refining,2900,Petroleum and coal products,filers,6001 BOLLINGER CANYON ROAD, SAN RAMON CA 94583,US,CA,cw_1688,0,41,2015,2003
1365135,cw_45017,Western Union CO,204531180,7389,Services-business services, nec,7300,Business services,filers,12500 EAST BELFORD AVENUE, ENGLEWOOD CO 80112,US,CO,cw_45017,0,140,2015,2006
55785,cw_1032,KIMBERLY CLARK CORP,390394230,2670,Converted paper & paperboard prods (no contaners/boxes),2600,Paper and allied products,filers,351 PHELPS DRIVE, IRVING TX 75038,US,TX,cw_1032,0,57,2015,2003
912242,cw_9674,MACERICH CO,954448705,6798,Real estate investment trusts,6700,Holding and other investment offices,filers,401 WILSHIRE BLVD, STE 700, SANTA MONICA CA 90401,US,CA,cw_9674,0,376,2015,2003
314808,cw_2471,Ensco plc,980635229,1381,Drilling oil & gas wells,1300,Oil and gas extraction,filers,6 CHESTERFIELD GARDENS, LONDON X0 W1J5BQ,GB,,cw_2471,0,92,2015,2003
100517,cw_1818,United Continental Holdings Inc,362675207,4512,Air transportation, scheduled,4500,Transportation by air,filers,JENNIFER L. KRAFT - WHQLD, 233 SOUTH WACKER DRIVE, CHICAGO IL 60606,US,IL,cw_1818,1,1,2015,2003
726728,cw_3615,REALTY INCOME CORP,330580106,6798,Real estate investment trusts,6700,Holding and other investment offices,filers,11995 EL CAMINO REAL, SAN DIEGO CA 92130,US,CA,cw_3615,0,262,2015,2003
898173,cw_8928,O REILLY AUTOMOTIVE INC,274358837,5531,Retail-auto & home supply stores,5500,Automotive dealers and gasoline service stations,filers,233 S PATTERSON AVE, SPRINGFIELD MO 65802,US,MO,cw_8928,0,5,2015,2003
31462,cw_584,ECOLAB INC,410231510,2840,Soap, detergents, cleang preparations, perfumes, cosmetics,2800,Chemicals and allied products,filers,ECOLAB CORPORATE CENTER, 370 WABASHA STREET NORTH, ST PAUL MN 55102,US,MN,cw_584,0,372,2015,2003
1087423,cw_17706,RED HAT INC,61364380,7370,Services-computer programming, data processing, etc.,7300,Business services,filers,100 EAST DAVIE STREET, RALEIGH NC 27601,US,NC,cw_17706,0,53,2015,2003
1532063,cw_667833,Express Scripts Holding Co,452884094,5912,Retail-drug stores and proprietary stores,5900,Miscellaneous retail,filers,ONE EXPRESS WAY, ST. LOUIS MO 63121,US,MO,cw_667833,0,71,2015,2011
92122,cw_1665,SOUTHERN CO,580690070,4911,Electric services,4900,Electric, gas, and sanitary services,filers,30 IVAN ALLEN JR. BLVD., N.W., ATLANTA GA 30308,US,GA,cw_781,5,10,2015,2003
877890,cw_7795,CITRIX SYSTEMS INC,752275152,7372,Services-prepackaged software,7300,Business services,filers,851 WEST CYPRESS CREEK ROAD, FORT LAUDERDALE FL 33309,US,FL,cw_7795,0,80,2015,2003
1491675,cw_607395,COCA COLA ENTERPRISES INC,272197395,2086,Bottled & canned soft drinks & carbonated waters,2000,Food and kindred products,filers,2500 WINDY RIDGE PARKWAY, NW, 14TH FLOOR, ATLANTA GA 30339,US,GA,cw_607395,0,9,2015,2010
97745,cw_1771,THERMO FISHER SCIENTIFIC INC,42209186,3829,Measuring & controlling devices, nec,3800,Instruments and related products,filers,81 WYMAN ST, PO BOX 9046, WALTHAM MA 02451,US,MA,cw_1771,0,98,2015,2003
1629995,cw_827263,Columbia Pipeline Group Inc,471982552,,,,,filers,5151 SAN FELIPE ST., SUITE 2500, HOUSTON TX 77056,US,TX,cw_827263,0,0,2015,2015
4447,cw_67,HESS CORP,134921002,2911,Petroleum refining,2900,Petroleum and coal products,filers,1185 AVENUE OF THE AMERICAS, NEW YORK NY 10036,US,NY,cw_67,0,16,2015,2003
77476,cw_1419,PEPSICO INC,131584302,2080,Beverages,2000,Food and kindred products,filers,700 ANDERSON HILL RD, PURCHASE NY 10577,US,NY,cw_1419,0,572,2015,2003
72903,cw_1310,XCEL ENERGY INC,410448030,4931,Electric & other services combined,4900,Electric, gas, and sanitary services,filers,800 NICOLLET MALL, MINNEAPOLIS MN 55402,US,MN,cw_1310,0,14,2015,2003
1137411,cw_21204,ROCKWELL COLLINS INC,522314475,3728,Aircraft parts & auxiliary equipment, nec,3700,Transportation equipment,filers,400 COLLINS ROAD NE, CEDAR RAPIDS IA 52498,US,IA,cw_21204,0,0,2015,2003
1121788,cw_20068,GARMIN LTD,980229227,3812,Search, detection, navagation, guidance, aeronautical sys,3800,Instruments and related products,filers,MUHLENTALSTRASSE 2, SCHAFFHAUSEN V8 CH-8200,CH,,cw_20068,0,56,2015,2003
818479,cw_5808,DENTSPLY INTERNATIONAL INC,391434669,3843,Dental equipment & supplies,3800,Instruments and related products,filers,SUSQUEHANNA COMMERCE CENTER, 221 W. PHILADELPHIA STREET, YORK PA 17405,US,PA,cw_5808,0,119,2015,2003
1058290,cw_15735,COGNIZANT TECHNOLOGY SOLUTIONS CORP,133728359,7371,Services-computer programming services,7300,Business services,filers,500 FRANK W. BURR BLVD., TEANECK NJ 07666,US,NJ,cw_15735,0,100,2015,2003
1285785,cw_35474,MOSAIC CO,201026454,2870,Agricultural chemicals,2800,Chemicals and allied products,filers,3033 CAMPUS DRIVE, SUITE E490, PLYMOUTH MN 55441,US,MN,cw_35474,0,26,2015,2004
24741,cw_444,CORNING INC,160393470,3357,Drawing & insulating of nonferrous wire,3300,Primary metal industries,filers,ONE RIVERFRONT PLAZA, CORNING NY 14831,US,NY,cw_444,0,46,2015,2003
77360,cw_1416,PENTAIR plc,981050812,3550,Special industry machinery (no metalworking machinery),3500,Industrial machinery and equipment,filers,PO BOX 471, SHARP STREET, WALKDEN, MANCHESTER X0 M28 8BU,GB,,cw_1416,0,348,2015,2003
721371,cw_3494,CARDINAL HEALTH INC,310958666,5122,Wholesale-drugs, proprietaries & druggists' sundries,5100,Wholesale trade--nondurable goods,filers,7000 CARDINAL PLACE, DUBLIN OH 43017,US,OH,cw_3494,0,74,2015,2003
76334,cw_1395,PARKER HANNIFIN CORP,340451060,3490,Miscellaneous fabricated metal products,3400,Fabricated metal products,filers,6035 PARKLAND BOULEVARD, CLEVELAND OH 44124-4141,US,OH,cw_1395,0,92,2015,2003
28412,cw_510,COMERICA INC,6021,6021,National commercial banks,6000,Depository institutions,filers,1717 MAIN STREET MC6404, ATTN: DARLENE PERSONS, DALLAS TX 75201,US,TX,cw_510,0,42,2015,2003
318154,cw_2588,AMGEN INC,953540776,2836,Biological products, (no disgnostic substances),2800,Chemicals and allied products,filers,ONE AMGEN CENTER DRIVE, THOUSAND OAKS CA 91320,US,CA,cw_2588,0,20,2015,2003
796343,cw_5047,ADOBE SYSTEMS INC,770019522,7372,Services-prepackaged software,7300,Business services,filers,345 PARK AVE, SAN JOSE CA 95110-2704,US,CA,cw_5047,0,51,2015,2003
60086,cw_1084,LOEWS CORP,132646102,6331,Fire, marine & casualty insurance,6300,Insurance carriers,filers,667 MADISON AVE, NEW YORK NY 10065-8087,US,NY,cw_1084,0,33,2015,2003
715957,cw_3328,DOMINION RESOURCES INC,541229715,4911,Electric services,4900,Electric, gas, and sanitary services,filers,120 TREDEGAR STREET, RICHMOND VA 23219,US,VA,cw_3328,2,28,2015,2003
831259,cw_6217,FREEPORT MCMORAN INC,742480931,1000,Metal mining,1000,Metal mining,filers,333 NORTH CENTRAL AVENUE, PHOENIX AZ 85004,US,AZ,cw_6217,0,15,2015,2003
38777,cw_736,FRANKLIN RESOURCES INC,132670991,6282,Investment advice,6200,Security, commodity brokers, and services,filers,ONE FRANKLIN PARKWAY, BUILDING 920, SAN MATEO CA 94403,US,CA,cw_736,0,130,2015,2003
24545,cw_442,MOLSON COORS BREWING CO,840178360,2082,Malt beverages,2000,Food and kindred products,filers,1225 17TH STREET, SUITE 3200, DENVER CO 80123,US,CO,cw_442,0,5,2015,2003
754737,cw_4184,SCANA CORP,570784499,4931,Electric & other services combined,4900,Electric, gas, and sanitary services,filers,100 SCANA PARKWAY, MAIL CODE - B123, CAYCE SC 29033,US,SC,cw_4184,0,0,2015,2003
1341439,cw_41738,ORACLE CORP,542185193,7372,Services-prepackaged software,7300,Business services,filers,500 ORACLE PARKWAY, MAIL STOP 5 OP 7, REDWOOD CITY CA 94065,US,CA,cw_41738,0,8,2015,2005
1579241,cw_762730,Allegion plc,981108930,7381,Services-detective, guard & armored car services,7300,Business services,filers,EARLSFORT CENTRE, EARLSFORT TERRACE, DUBLIN 2 L2 00000,IE,,cw_762730,0,73,2015,2013
815097,cw_5743,CARNIVAL CORP,591562976,4400,Water transportation,4400,Water transportation,filers,3655 N W 87TH AVE, PO BOX 1347, MIAMI FL 33178-2428,US,FL,cw_20306,1,4,2015,2003
884887,cw_8169,ROYAL CARIBBEAN CRUISES LTD,980081645,4400,Water transportation,4400,Water transportation,filers,1050 CARIBBEAN WAY, MIAMI FL 33132,US,FL,cw_8169,0,64,2015,2003
315293,cw_2508,Aon plc,363051915,6411,Insurance agents, brokers & service,6400,Insurance agents, brokers, and service,filers,8 DEVONSHIRE SQUARE, LONDON X0 EC2M 4PL,GB,,cw_2508,0,766,2015,2003
4127,cw_60,SKYWORKS SOLUTIONS INC,42302115,3674,Semiconductors & related devices,3600,Electrical and electronic equipment,filers,20 SYLVAN ROAD, WOBURN MA 01801,US,MA,cw_60,0,0,2015,2003
92380,cw_1670,SOUTHWEST AIRLINES CO,741563240,4512,Air transportation, scheduled,4500,Transportation by air,filers,2702 LOVE FIELD DR, P O BOX 36611, DALLAS TX 75235,US,TX,cw_1670,0,7,2015,2003
65984,cw_1180,ENTERGY CORP,721229752,4911,Electric services,4900,Electric, gas, and sanitary services,filers,639 LOYOLA AVE, NEW ORLEANS LA 70113,US,LA,cw_1180,7,18,2015,2003
1141391,cw_21536,MASTERCARD INC,134172551,7389,Services-business services, nec,7300,Business services,filers,2000 PURCHASE STREET, PURCHASE NY 10577,US,NY,cw_21536,0,23,2015,2003
1113169,cw_19579,PRICE T ROWE GROUP INC,522264646,6200,Security & commodity brokers, dealers, exchanges & services,6200,Security, commodity brokers, and services,filers,100 EAST PRATT STREET, P.O. BOX 89000, BALTIMORE MD 21289-0320,US,MD,cw_19579,0,9,2015,2003
822416,cw_5946,PULTEGROUP INC,382766606,1531,Operative builders,1500,General building contractors,filers,3350 PEACHTREE ROAD NORTHEAST, SUITE 1600, ATLANTA 2Q 30326,GE,,cw_5946,0,61,2015,2003
1090727,cw_17973,UNITED PARCEL SERVICE INC,582480149,4210,Trucking & courier services (no air),4200,Motor freight transportation and warehousing,filers,55 GLENLAKE PARKWAY NE, ATLANTA GA 30328,US,GA,cw_17973,0,27,2015,2003
5513,cw_96,Unum Group,621598430,6321,Accident & health insurance,6300,Insurance carriers,filers,1 FOUNTAIN SQUARE, CHATTANOOGA TN 37402,US,TN,cw_96,0,24,2015,2003
352915,cw_2791,UNIVERSAL HEALTH SERVICES INC,232077891,8062,Services-general medical & surgical hospitals, nec,8000,Health services,filers,367 S GULPH RD, KING OF PRUSSIA PA 19406,US,PA,cw_2791,0,4,2015,2003
7084,cw_127,ARCHER DANIELS MIDLAND CO,410129150,2070,Fats & oils,2000,Food and kindred products,filers,4666 FARIES PKWY, DECATUR IL 62526,US,IL,cw_127,0,5,2015,2003
707549,cw_3164,LAM RESEARCH CORP,942634797,3559,Special industry machinery, nec,3500,Industrial machinery and equipment,filers,4650 CUSHING BLVD, FREMONT CA 94538,US,CA,cw_3164,0,54,2015,2003
93751,cw_1698,STATE STREET CORP,42456637,6022,State commercial banks,6000,Depository institutions,filers,ONE LINCOLN STREET, BOSTON MA 02111,US,MA,cw_886,1,28,2015,2003
32604,cw_603,EMERSON ELECTRIC CO,430259330,3600,Electronic & other electrical equipment (no computer equip),3600,Electrical and electronic equipment,filers,8000 W FLORISSANT AVE, P O BOX 4100, ST LOUIS MO 63136,US,MO,cw_603,0,0,2015,2003
1039684,cw_14398,ONEOK INC,731520922,4923,Natural gas transmisison & distribution,4900,Electric, gas, and sanitary services,filers,100 WEST 5TH ST, TULSA OK 74103,US,OK,cw_14398,0,81,2015,2003
1047862,cw_14997,CONSOLIDATED EDISON INC,133965100,4931,Electric & other services combined,4900,Electric, gas, and sanitary services,filers,4 IRVING PLACE, ROOM 1618 S, NEW YORK NY 10003,US,NY,cw_14997,0,0,2015,2003
1534701,cw_669837,Phillips 66,453779385,2911,Petroleum refining,2900,Petroleum and coal products,filers,3010 BRIARPARK DRIVE, HOUSTON TX 77042,US,TX,cw_669837,0,99,2015,2011
812074,cw_5583,OWENS ILLINOIS INC,222781933,3221,Glass containers,3200,Stone, clay, glass, and concrete products,filers,ONE MICHAEL OWENS WAY, PERRYSBURG OH 43551-2999,US,OH,cw_5583,0,1,2015,2003
1013871,cw_12662,NRG ENERGY INC,411724239,4911,Electric services,4900,Electric, gas, and sanitary services,filers,211 CARNEGIE CENTER, -, PRINCETON NJ 08540,US,NJ,cw_12662,0,888,2015,2003
51644,cw_954,INTERPUBLIC GROUP OF COMPANIES INC,131024020,7311,Services-advertising agencies,7300,Business services,filers,1114 AVENUE OF THE AMERICAS, 19TH FLOOR, NEW YORK NY 10036,US,NY,cw_954,0,30,2015,2003
64040,cw_1146,MCGRAW HILL FINANCIAL INC,131026995,7320,Services-consumer credit reporting, collection agencies,7300,Business services,filers,1221 AVENUE OF THE AMERICAS, NEW YORK NY 10020,US,NY,cw_1146,0,120,2015,2003
1452575,cw_72034,Mead Johnson Nutrition Co,800318351,2000,Food and kindred products,2000,Food and kindred products,filers,2701 PATRIOT BOULEVARD, FOURTH FLOOR, GLENVIEW IL 60026-8039,US,IL,cw_72034,0,57,2015,2008
1002910,cw_11942,AMEREN CORP,431723446,4931,Electric & other services combined,4900,Electric, gas, and sanitary services,filers,1901 CHOUTEAU AVE, MC 1370, ST LOUIS MO 63166-6149,US,MO,cw_1829,2,14,2015,2003
350698,cw_2700,AUTONATION INC,731105145,5500,Retail-auto dealers & gasoline stations,5500,Automotive dealers and gasoline service stations,filers,200 SW 1ST AVE, SUITE 1600, FORT LAUDERDALE FL 33301,US,FL,cw_2700,0,527,2015,2003
310158,cw_2335,Merck & Co Inc,221918501,2834,Pharmaceutical preparations,2800,Chemicals and allied products,filers,2000 GALLOPING HILL ROAD, KENILWORTH NJ 07033,US,NJ,cw_2335,0,445,2015,2003
10456,cw_198,BAXTER INTERNATIONAL INC,360781620,3841,Surgical & medical instruments & apparatus,3800,Instruments and related products,filers,ONE BAXTER PKWY, DF2-1W, DEERFIELD IL 60015,US,IL,cw_198,0,105,2015,2003
18230,cw_321,CATERPILLAR INC,370602744,3531,Construction machinery & equip,3500,Industrial machinery and equipment,filers,100 NE ADAMS ST, PEORIA IL 61629,US,IL,cw_321,0,511,2015,2003
895421,cw_8727,MORGAN STANLEY,363145972,6211,Security brokers, dealers & flotation companies,6200,Security, commodity brokers, and services,filers,1585 BROADWAY, NEW YORK NY 10036,US,NY,cw_8727,0,126,2015,2003
1288776,cw_35783,Google Inc,770493581,7370,Services-computer programming, data processing, etc.,7300,Business services,filers,1600 AMPHITHEATRE PARKWAY, MOUNTAIN VIEW CA 94043,US,CA,cw_35783,0,3,2015,2004
4281,cw_63,ALCOA INC,250317820,3350,Rolling drawing & extruding of nonferrous metals,3300,Primary metal industries,filers,390 PARK AVENUE, NEW YORK NY 10022-4608,US,NY,cw_63,0,7,2015,2003
34088,cw_635,EXXON MOBIL CORP,135409005,2911,Petroleum refining,2900,Petroleum and coal products,filers,5959 LAS COLINAS BLVD, IRVING TX 75039-2298,US,TX,cw_635,0,138,2015,2003
1564708,cw_725666,NEWS CORP,0,2711,Newspapers: publishing or publishing & printing,2700,Printing and publishing,filers,1211 AVENUE OF THE AMERICAS, NEW YORK NY 10036,US,NY,cw_725666,0,390,2015,2012
64803,cw_1156,CVS HEALTH Corp,50494040,5912,Retail-drug stores and proprietary stores,5900,Miscellaneous retail,filers,ONE CVS DR., WOONSOCKET RI 02895,US,RI,cw_1156,0,15,2015,2003
203527,cw_2100,VARIAN MEDICAL SYSTEMS INC,942359345,3845,Electromedical & electrotherapeutic apparatus,3800,Instruments and related products,filers,3100 HANSEN WAY, PALO ALTO CA 94304-1000,US,CA,cw_2100,0,0,2015,2003
8670,cw_154,AUTOMATIC DATA PROCESSING INC,221467904,7374,Services-computer processing & data preparation,7300,Business services,filers,ONE ADP BOULVARD, ROSELAND NJ 07068,US,NJ,cw_154,0,22,2015,2003
42582,cw_796,GOODYEAR TIRE & RUBBER CO,340253240,3011,Tires & inner tubes,3000,Rubber and miscellaneous plastics products,filers,1144 E MARKET ST, AKRON OH 44316,US,OH,cw_796,0,145,2015,2003
1430602,cw_60905,Scripps Networks Interactive Inc,611551890,4841,Cable & other pay television services,4800,Communications,filers,312 WALNUT STREET, SUITE 1800, CINCINNATI OH 45202,US,OH,cw_60905,0,6,2015,2008
1047122,cw_14950,RAYTHEON CO,951778500,3812,Search, detection, navagation, guidance, aeronautical sys,3800,Instruments and related products,filers,870 WINTER STREET, WALTHAM MA 02451-1449,US,MA,cw_14950,0,0,2015,2003
791519,cw_4900,STAPLES INC,42896127,5940,Retail-miscellaneous shopping goods stores,5900,Miscellaneous retail,filers,500 STAPLES DRIVE, P O BOX 9328, FRAMINGHAM MA 01702,US,MA,cw_4900,0,144,2015,2003
91576,cw_1654,KEYCORP,346542451,6021,National commercial banks,6000,Depository institutions,filers,127 PUBLIC SQ, CLEVELAND OH 44114-1306,US,OH,cw_1654,0,1,2015,2003
1336917,cw_41264,Under Armour Inc,521990078,2300,Apparel & other finishd prods of fabrics & similar matl,2300,Apparel and other textile products,filers,1020 HULL STREET, 3RD FLOOR, BALTIMORE MD 21230,US,MD,cw_41264,0,4,2015,2005
69499,cw_1241,MYLAN INC,251211621,2834,Pharmaceutical preparations,2800,Chemicals and allied products,filers,1000 MYLAN BOULEVARD, CANONSBURG PA 15317,US,PA,cw_1241,0,131,2015,2003
882184,cw_8014,HORTON D R INC,752386963,1531,Operative builders,1500,General building contractors,filers,D.R. HORTON TOWER, 301 COMMERCE STREET, SUITE 500, FORT WORTH TX 76102,US,TX,cw_8014,0,0,2015,2003
731766,cw_3735,UNITEDHEALTH GROUP INC,411321939,6324,Hospital & medical service plans,6300,Insurance carriers,filers,UNITEDHEALTH GROUP CENTER, 9900 BREN ROAD EAST, MINNEAPOLIS MN 55343,US,MN,cw_3735,0,340,2015,2003
104207,cw_1902,WALGREEN CO,361924025,5912,Retail-drug stores and proprietary stores,5900,Miscellaneous retail,filers,108 WILMOT RD, DEERFIELD IL 60015,US,IL,cw_815003,1,0,2015,2003
1126328,cw_20367,PRINCIPAL FINANCIAL GROUP INC,421520346,6321,Accident & health insurance,6300,Insurance carriers,filers,711 HIGH STREET, DES MOINES IA 50392-0300,US,IA,cw_20367,0,138,2015,2003
78003,cw_1426,PFIZER INC,135315170,2834,Pharmaceutical preparations,2800,Chemicals and allied products,filers,235 E 42ND ST, NEW YORK NY 10017,US,NY,cw_1426,0,509,2015,2003
821189,cw_5916,EOG RESOURCES INC,470684736,1311,Crude petroleum & natural gas,1300,Oil and gas extraction,filers,1111 BAGBY, SKY LOBBY 2, HOUSTON TX 77002,US,TX,cw_5916,0,54,2015,2003
1281761,cw_35059,REGIONS FINANCIAL CORP,630589368,6021,National commercial banks,6000,Depository institutions,filers,1900 FIFTH AVENUE NORTH, 22ND FLOOR, BIRMINGHAM AL 35203,US,AL,cw_35059,0,0,2015,2004
1158449,cw_22447,ADVANCE AUTO PARTS INC,542049910,5531,Retail-auto & home supply stores,5500,Automotive dealers and gasoline service stations,filers,5008 AIRPORT RD, ROANOKE VA 24012,US,VA,cw_22447,0,29,2015,2003
788784,cw_4793,PUBLIC SERVICE ENTERPRISE GROUP INC,222625848,4931,Electric & other services combined,4900,Electric, gas, and sanitary services,filers,CORPORATE ACCOUNTING SERVICES, 80 PARK PLAZA, 9TH FLOOR, NEWARK NJ 07102-4194,US,NJ,cw_4793,0,5,2015,2003
1001039,cw_11817,WALT DISNEY CO,954545390,4841,Cable & other pay television services,4800,Communications,filers,500 SOUTH BUENA VISTA ST, BURBANK CA 91521,US,CA,cw_11817,0,0,2015,2003
866787,cw_7384,AUTOZONE INC,621482048,5531,Retail-auto & home supply stores,5500,Automotive dealers and gasoline service stations,filers,123 SOUTH FRONT ST, MEMPHIS TN 38103,US,TN,cw_7384,0,14,2015,2003
1065280,cw_16159,NETFLIX INC,770467272,7841,Services-video tape rental,7800,Motion pictures,filers,100 WINCHESTER CIRCLE, ., LOS GATOS CA 95032,US,CA,cw_16159,0,3,2015,2003
51434,cw_950,INTERNATIONAL PAPER CO,130872805,2621,Paper mills,2600,Paper and allied products,filers,6400 POPLAR AVENUE, MEMPHIS TN 38197,US,TN,cw_950,0,200,2015,2003
1035002,cw_14127,VALERO ENERGY CORP,741828067,2911,Petroleum refining,2900,Petroleum and coal products,filers,P.O. BOX 696000, SAN ANTONIO TX 78269-6000,US,TX,cw_14127,0,113,2015,2003
721683,cw_3498,TOTAL SYSTEM SERVICES INC,581493818,7389,Services-business services, nec,7300,Business services,filers,1600 FIRST AVENUE, P O BOX 1755, COLUMBUS GA 31901,US,GA,cw_3498,0,14,2015,2003
1001250,cw_11826,ESTEE LAUDER COMPANIES INC,112408943,2844,Perfumes, cosmetics & other toilet preparations,2800,Chemicals and allied products,filers,767 FIFTH AVE, NEW YORK NY 10153,US,NY,cw_11826,0,9,2015,2003
62709,cw_1123,MARSH & MCLENNAN COMPANIES INC,362668272,6411,Insurance agents, brokers & service,6400,Insurance agents, brokers, and service,filers,1166 AVENUE OF THE AMERICAS, NEW YORK NY 10036,US,NY,cw_1123,0,578,2015,2003
1645590,cw_871620,Hewlett Packard Enterprise Co,473298624,,,,,filers,3000 HANOVER STREET, PALO ALTO CA 94304,US,CA,cw_871620,0,0,2015,2015
33213,cw_619,EQT Corp,250464690,1311,Crude petroleum & natural gas,1300,Oil and gas extraction,filers,625 LIBERTY AVENUE, SUITE 1700, PITTSBURGH PA 15222,US,PA,cw_619,0,28,2015,2003
1466258,cw_397074,Ingersoll Rand plc,0,3822,Auto controls for regulating residential & comml environments,3800,Instruments and related products,filers,170/175 LAKEVIEW DRIVE, AIRSIDE BUSINESS PARK, SWORDS,, CO. DUBLIN L2 00000,IE,,cw_397074,0,326,2015,2009
1437107,cw_64440,Discovery Communications Inc,352333914,4841,Cable & other pay television services,4800,Communications,filers,1 DISCOVERY PLACE, SILVER SPRING MD 20910,US,MD,cw_64440,0,262,2015,2008
101829,cw_1854,UNITED TECHNOLOGIES CORP,60570975,3724,Aircraft engines & engine parts,3700,Transportation equipment,filers,UNITED TECHNOLOGIES BLDG, ONE FINANCIAL PLZ, HARTFORD CT 06101,US,CT,cw_1854,0,143,2015,2003
62996,cw_1125,MASCO CORP,381794485,2430,Millwood, veneer, plywood, & structural wood members,2400,Lumber and wood products,filers,21001 VAN BORN RD, TAYLOR MI 48180,US,MI,cw_1125,0,37,2015,2003
1000180,cw_11775,SANDISK CORP,770191793,3572,Computer storage devices,3500,Industrial machinery and equipment,filers,951 SANDISK DRIVE, MILPITAS CA 95035,US,CA,cw_11775,0,15,2015,2003
27904,cw_502,DELTA AIR LINES INC,580218548,4512,Air transportation, scheduled,4500,Transportation by air,filers,HARTSFIELD ATLANTA INTL AIRPORT, 1030 DELTA BLVD, ATLANTA GA 30354-1989,US,GA,cw_502,0,9,2015,2003
1133421,cw_20833,NORTHROP GRUMMAN CORP,800640649,3812,Search, detection, navagation, guidance, aeronautical sys,3800,Instruments and related products,filers,2980 FAIRVIEW PARK DRIVE, C/O NORTHROP GRUMMAN CORP, FALLS CHURCH VA 22042,US,VA,cw_20833,0,1,2015,2003
764622,cw_4354,PINNACLE WEST CAPITAL CORP,860512431,4911,Electric services,4900,Electric, gas, and sanitary services,filers,400 NORTH FIFTH STREET, MS8695, PHOENIX AZ 85004,US,AZ,cw_4354,0,0,2015,2003
909832,cw_9547,COSTCO WHOLESALE CORP,911223280,5331,Retail-variety stores,5300,General merchandise stores,filers,999 LAKE DRIVE, ISSAQUAH WA 98027-,US,WA,cw_9547,0,8,2015,2003
16732,cw_291,CAMPBELL SOUP CO,210419870,2000,Food and kindred products,2000,Food and kindred products,filers,CAMPBELL PL, CAMDEN NJ 08103,US,NJ,cw_291,0,78,2015,2003
63276,cw_1134,MATTEL INC,951567322,3942,Dolls & stuffed toys,3900,Miscellaneous manufacturing industries,filers,333 CONTINENTAL BLVD, EL SEGUNDO CA 90245,US,CA,cw_1134,0,16,2015,2003
45012,cw_825,HALLIBURTON CO,752677995,1389,Oil & gas field services, nec,1300,Oil and gas extraction,filers,3000 NORTH SAM HOUSTON PARKWAY EAST, 3000 NORTH SAM HOUSTON PARKWAY EAST, HOUSTON TX 77032,US,TX,cw_825,0,31,2015,2003
48465,cw_881,HORMEL FOODS CORP,410319970,2011,Meat packing plants,2000,Food and kindred products,filers,1 HORMEL PL, AUSTIN MN 55912-3680,US,MN,cw_881,0,0,2015,2003
884905,cw_8171,PRAXAIR INC,61249050,2810,Industrial inorganic chemicals,2800,Chemicals and allied products,filers,39 OLD RIDGEBURY RD, DANBURY CT 06810-5113,US,CT,cw_8171,0,209,2015,2003
55067,cw_1020,KELLOGG CO,380710690,2040,Grain mill products,2000,Food and kindred products,filers,ONE KELLOGG SQ, P O BOX 3599, BATTLE CREEK MI 49016-3599,US,MI,cw_1020,0,157,2015,2003
804753,cw_5300,CERNER CORP,431196944,7373,Services-computer integrated systems design,7300,Business services,filers,2800 ROCKCREEK PKWY, W0162, KANSAS CITY MO 64117,US,MO,cw_5300,0,48,2015,2003
920522,cw_10184,ESSEX PROPERTY TRUST INC,770369576,6798,Real estate investment trusts,6700,Holding and other investment offices,filers,925 EAST MEADOW DR, PALO ALTO CA 94303,US,CA,cw_10184,0,215,2015,2003
820313,cw_5877,AMPHENOL CORP,222785165,3678,Electronic connectors,3600,Electrical and electronic equipment,filers,358 HALL AVE, WALLINGFORD CT 06492,US,CT,cw_5877,0,176,2015,2003
927066,cw_10551,DAVITA HEALTHCARE PARTNERS INC,510354549,8090,Services-misc health & allied services, nec,8000,Health services,filers,2000 16TH STREET, DENVER CO 80202,US,CO,cw_10551,0,552,2015,2003
1441634,cw_66715,Avago Technologies LTD,0,3674,Semiconductors & related devices,3600,Electrical and electronic equipment,filers,1 YISHUN AVENUE 7, SINGAPORE U0 768923,SG,,cw_66715,0,0,2015,2008
1620546,cw_820420,Baxalta Inc,471869689,2834,Pharmaceutical preparations,2800,Chemicals and allied products,filers,ONE BAXTER PARKWAY, DEERFIELD IL 60015,US,IL,cw_820420,0,0,2015,2014
740260,cw_3885,VENTAS INC,611055020,6798,Real estate investment trusts,6700,Holding and other investment offices,filers,353 N. CLARK STREET, SUITE 3300, CHICAGO IL 60654,US,IL,cw_3885,0,1348,2015,2003
1020569,cw_13108,IRON MOUNTAIN INC,232588479,4220,Public warehousing & storage,4200,Motor freight transportation and warehousing,filers,ONE FEDERAL STREET, BOSTON MA 02110,US,MA,cw_13108,0,122,2015,2003
91440,cw_1653,SNAP ON Inc,390622040,3420,Cutlery, handtools & general hardware,3400,Fabricated metal products,filers,2801 80TH STREET, KENOSHA WI 53143,US,WI,cw_1653,0,99,2015,2003
701985,cw_3049,L Brands Inc,311029810,5621,Retail-women's clothing stores,5600,Apparel and accessory stores,filers,THREE LIMITED PKWY, P O BOX 16000, COLUMBUS OH 43216,US,OH,cw_3049,0,26,2015,2003
723531,cw_3540,PAYCHEX INC,161124166,8700,Services-engineering, accounting, research, management,8700,Engineering and management services,filers,911 PANORAMA TRAIL S, ROCHESTER NY 14625-0397,US,NY,cw_3540,0,22,2015,2003
1156375,cw_22033,CME GROUP INC,364459170,6200,Security & commodity brokers, dealers, exchanges & services,6200,Security, commodity brokers, and services,filers,20 S. WACKER DR., CHICAGO IL 60606,US,IL,cw_22033,0,48,2015,2003
909954,cw_9556,KEURIG GREEN MOUNTAIN INC,30339228,2090,Miscellaneous food preparations & kindred products,2000,Food and kindred products,filers,33 COFFEE LANE, WATERBURY VT 05676,US,VT,cw_9556,0,0,2015,2003
765880,cw_4390,HCP INC,330091377,6798,Real estate investment trusts,6700,Holding and other investment offices,filers,1920 MAIN STREET, SUITE 1200, IRVINE CA 92614,US,CA,cw_4390,0,34,2015,2003
896878,cw_8838,INTUIT INC,770034661,7372,Services-prepackaged software,7300,Business services,filers,2700 COAST AVENUE, MOUNTAIN VIEW CA 94043,US,CA,cw_8838,0,68,2015,2003
316709,cw_2556,SCHWAB CHARLES CORP,943025021,6211,Security brokers, dealers & flotation companies,6200,Security, commodity brokers, and services,filers,211 MAIN STREET, SAN FRANCISCO CA 94105,US,CA,cw_2556,0,3,2015,2003
849213,cw_6745,PLUM CREEK TIMBER CO INC,911912863,6798,Real estate investment trusts,6700,Holding and other investment offices,filers,601 UNION STREET, SUITE 3100, SEATTLE WA 98101-1374,US,WA,cw_6745,0,1,2015,2003
78814,cw_1447,PITNEY BOWES INC,60495050,3579,Office machines, nec,3500,Industrial machinery and equipment,filers,PITNEY BOWES INC, 1 ELMCROFT ROAD, STAMFORD CT 06926-0700,US,CT,cw_1447,0,122,2015,2003
1058090,cw_15722,CHIPOTLE MEXICAN GRILL INC,841219301,5812,Retail-eating places,5800,Eating and drinking places,filers,1401 WYNKOOP, SUITE 500, DENVER CO 80202,US,CO,cw_15722,0,21,2015,2003
1510295,cw_630049,Marathon Petroleum Corp,271284632,2911,Petroleum refining,2900,Petroleum and coal products,filers,539 SOUTH MAIN STREET, FINDLAY OH 45840-3229,US,OH,cw_630049,0,58,2015,2011
717423,cw_3369,MURPHY OIL CORP,710361522,2911,Petroleum refining,2900,Petroleum and coal products,filers,200 PEACH ST, PO BOX 7000, EL DORADO AR 71731-7000,US,AR,cw_3369,0,12,2015,2003
1585364,cw_768830,PERRIGO Co plc,0,2834,Pharmaceutical preparations,2800,Chemicals and allied products,filers,TREASURY BUILDING, LOWER GRAND CANAL STREET, DUBLIN L2 2,IE,,cw_768830,0,210,2015,2013
861878,cw_7195,STERICYCLE INC,363640402,4955,Hazardous waste management,4900,Electric, gas, and sanitary services,filers,28161 NORTH KEITH DRIVE, -, LAKE FOREST IL 60045,US,IL,cw_7195,0,26,2015,2003
49196,cw_890,HUNTINGTON BANCSHARES INC,310724920,6021,National commercial banks,6000,Depository institutions,filers,HUNTINGTON CTR, 41 S HIGH ST HC0632, COLUMBUS OH 43287,US,OH,cw_890,0,47,2015,2003
1041061,cw_14503,YUM BRANDS INC,133951308,5812,Retail-eating places,5800,Eating and drinking places,filers,1441 GARDINER LANE, LOUISVILLE KY 40213,US,KY,cw_14503,0,325,2015,2003
732717,cw_3757,AT&T INC,431301883,4813,Telephone communications (no radiotelephone),4800,Communications,filers,208 S. AKARD ST, ATTN : JAMES LACY, DALLAS TX 75202,US,TX,cw_3757,0,16,2015,2003
940944,cw_11300,DARDEN RESTAURANTS INC,593305930,5812,Retail-eating places,5800,Eating and drinking places,filers,1000 DARDEN CENTER DRIVE, ORLANDO FL 32837,US,FL,cw_11300,0,8,2015,2003
732712,cw_3756,VERIZON COMMUNICATIONS INC,232259884,4813,Telephone communications (no radiotelephone),4800,Communications,filers,1095 AVENUE OF THE AMERICAS, NEW YORK NY 10036,US,NY,cw_3756,0,17,2015,2003
1054374,cw_15414,BROADCOM CORP,330480482,3674,Semiconductors & related devices,3600,Electrical and electronic equipment,filers,5300 CALIFORNIA AVENUE, IRVINE CA 92617-3038,US,CA,cw_15414,0,7,2015,2003
109380,cw_1990,ZIONS BANCORPORATION,870227400,6021,National commercial banks,6000,Depository institutions,filers,ONE SOUTH MAIN STREET, 15TH FLOOR, SALT LAKE CITY UT 84111,US,UT,cw_1990,0,13,2015,2003
1403161,cw_51946,VISA INC,260267673,7389,Services-business services, nec,7300,Business services,filers,P.O. BOX 8999, SAN FRANCISCO CA 94128-8999,US,CA,cw_51946,0,0,2015,2007
1124198,cw_20261,FLUOR CORP,330927079,1600,Heavy construction other than bldg const - contractors,1600,Heavy construction contractors,filers,6700 LAS COLINAS BLVD, IRVING TX 75039,US,TX,cw_20261,0,5,2015,2003
789019,cw_4803,MICROSOFT CORP,911144442,7372,Services-prepackaged software,7300,Business services,filers,ONE MICROSOFT WAY, REDMOND WA 98052-6399,US,WA,cw_4803,0,12,2015,2003
91419,cw_1652,J M SMUCKER Co,340538550,2033,Canned, fruits, veg, preserves, jams & jellies,2000,Food and kindred products,filers,ONE STRAWBERRY LANE, ORRVILLE OH 44667,US,OH,cw_1652,0,53,2015,2003
1004980,cw_12052,PG&E Corp,943234914,4931,Electric & other services combined,4900,Electric, gas, and sanitary services,filers,77 BEALE STREET, P.O. BOX 770000, SAN FRANCISCO CA 94177,US,CA,cw_1378,1,0,2015,2003
96021,cw_1738,SYSCO CORP,741648137,5140,Wholesale-groceries & related products,5100,Wholesale trade--nondurable goods,filers,1390 ENCLAVE PKWY, HOUSTON TX 77077,US,TX,cw_1738,0,174,2015,2003
1633917,cw_832572,PayPal Holdings Inc,492989869,,,,,filers,2065 HAMILTON AVENUE, SAN JOSE CA 95125,US,CA,cw_832572,0,0,2015,2015
5272,cw_92,AMERICAN INTERNATIONAL GROUP INC,132592361,6331,Fire, marine & casualty insurance,6300,Insurance carriers,filers,175 WATER STREET, NEW YORK NY 10038,US,NY,cw_92,0,19,2015,2003
815556,cw_5752,FASTENAL CO,410948415,5200,Retail-building materials, hardware, garden supply,5200,Building materials, hardware, garden supply, & mobile home,filers,2001 THEURER BLVD, WINONA MN 55987,US,MN,cw_5752,0,22,2015,2003
1116132,cw_19763,COACH INC,522242751,3100,Leather & leather products,3100,Leather and leather products,filers,516 WEST 34TH ST, NEW YORK NY 10001,US,NY,cw_19763,0,58,2015,2003
70318,cw_1253,TENET HEALTHCARE CORP,952557091,8062,Services-general medical & surgical hospitals, nec,8000,Health services,filers,1445 ROSS AVENUE, SUITE 1400, DALLAS TX 75202,US,TX,cw_1253,0,8,2015,2003
1166691,cw_23017,COMCAST CORP,270000798,4841,Cable & other pay television services,4800,Communications,filers,1500 MARKET STREET, PHILADELPHIA PA 19102,US,PA,cw_23017,0,174,2015,2003
1004155,cw_12009,AGL RESOURCES INC,582210952,4924,Natural gas distribution,4900,Electric, gas, and sanitary services,filers,TEN PEACHTREE PLACE, ATLANTA GA 30309,US,GA,cw_12009,0,9,2015,2003
1601712,cw_800310,Synchrony Financial,510483352,6199,Finance services,6100,Nondepository credit institutions,filers,777 LONG RIDGE ROAD, STAMFORD CT 06902-1250,US,CT,cw_800310,0,20,2015,2014
922864,cw_10308,APARTMENT INVESTMENT & MANAGEMENT CO,841259577,6798,Real estate investment trusts,6700,Holding and other investment offices,filers,4582 SOUTH ULSTER STREET, SUITE 1100, DENVER CO 80237,US,CO,cw_10519,1,539,2015,2003
1324404,cw_39853,CF Industries Holdings Inc,202697511,2870,Agricultural chemicals,2800,Chemicals and allied products,filers,4 PARKWAY NORTH, SUITE 400, DEERFIELD IL 60015,US,IL,cw_39853,0,33,2015,2005
200406,cw_2039,JOHNSON & JOHNSON,,2834,Pharmaceutical preparations,2800,Chemicals and allied products,filers,ONE JOHNSON & JOHNSON PLZ, NEW BRUNSWICK NJ 08933,US,NJ,cw_2039,0,266,2015,2003
98246,cw_1774,TIFFANY & CO,133228013,5944,Retail-jewelry stores,5900,Miscellaneous retail,filers,727 FIFTH AVE, NEW YORK NY 10022,US,NY,cw_1774,0,0,2015,2003
72207,cw_1299,NOBLE ENERGY INC,730785597,1311,Crude petroleum & natural gas,1300,Oil and gas extraction,filers,1001 NOBLE ENERGY WAY, HOUSTON TX 77070,US,TX,cw_1299,0,73,2015,2003
1326801,cw_40155,Facebook Inc,201665019,7370,Services-computer programming, data processing, etc.,7300,Business services,filers,1601 WILLOW ROAD, MENLO PARK CA 94025,US,CA,cw_40155,0,11,2015,2005
109198,cw_1987,TJX COMPANIES INC,42207613,5651,Retail-family clothing stores,5600,Apparel and accessory stores,filers,770 COCHITUATE RD, FRAMINGHAM MA 01701,US,MA,cw_1987,0,91,2015,2003
350563,cw_2696,TECO ENERGY INC,592052286,4911,Electric services,4900,Electric, gas, and sanitary services,filers,702 N FRANKLIN ST, TECO PLAZA, TAMPA FL 33602,US,FL,cw_2696,0,34,2015,2003
1110803,cw_19438,ILLUMINA INC,330804655,3826,Laboratory analytical instruments,3800,Instruments and related products,filers,5200 ILLUMINA WAY, SAN DIEGO CA 92122,US,CA,cw_19438,0,25,2015,2003
1015780,cw_12785,E TRADE FINANCIAL Corp,942844166,6035,Savings institution, federally chartered,6000,Depository institutions,filers,1271 AVENUE OF THE AMERICAS FL 14, NEW YORK NY 10020-1302,US,NY,cw_12785,0,50,2015,2003
1164727,cw_22859,NEWMONT MINING CORP,841611629,1040,Gold and silver ores,1000,Metal mining,filers,6363 SOUTH FIDDLERS GREEN CIRCLE, GREENWOOD VILLAGE CO 80111,US,CO,cw_22859,0,11,2015,2003
1137789,cw_21238,Seagate Technology plc,980648577,3572,Computer storage devices,3500,Industrial machinery and equipment,filers,38/39 FITZWILLIAM SQUARE, DUBLIN 2 L2 00000,IE,,cw_21238,1,3,2015,2003
1170010,cw_23352,CARMAX INC,541821055,5500,Retail-auto dealers & gasoline stations,5500,Automotive dealers and gasoline service stations,filers,12800 TUCKAHOE CREEK PARKWAY, RICHMOND VA 23238,US,VA,cw_23352,0,6,2015,2003
927628,cw_10582,CAPITAL ONE FINANCIAL CORP,541719854,6021,National commercial banks,6000,Depository institutions,filers,1680 CAPITAL ONE DRIVE, SUITE 1400, MCLEAN VA 22102,US,VA,cw_10582,0,2,2015,2003
1442145,cw_67064,Verisk Analytics Inc,262994223,7374,Services-computer processing & data preparation,7300,Business services,filers,545 WASHINGTON BOULEVARD, JERSEY CITY NJ 07310-1686,US,NJ,cw_67064,0,0,2015,2008
315213,cw_2503,HALF ROBERT INTERNATIONAL INC,941648752,7363,Services-help supply services,7300,Business services,filers,2884 SAND HILL RD, STE 200, MENLO PARK CA 94025,US,CA,cw_2503,0,53,2015,2003
1489393,cw_602096,LyondellBasell Industries N.V.,980646235,2860,Industrial organic chemicals,2800,Chemicals and allied products,filers,1221 MCKINNEY ST, SUITE 700, HOUSTON TX 77010,US,TX,cw_602096,0,132,2015,2010
1551182,cw_690258,Eaton Corp plc,981059235,3590,Misc industrial & commercial machinery & equipment,3500,Industrial machinery and equipment,filers,FITZWILLIAM HALL, FITZWILLIAM PLACE, DUBLIN L2 DUBLIN 2,IE,,cw_690258,0,445,2015,2012
794367,cw_4989,Macys Inc,133324058,5311,Retail-department stores,5300,General merchandise stores,filers,7 WEST SEVENTH STREET, CINCINNATI OH 45202,US,OH,cw_4989,0,21,2015,2003
1467373,cw_397971,Accenture plc,980627530,7389,Services-business services, nec,7300,Business services,filers,1 GRAND CANAL SQUARE, GRAND CANAL HARBOUR, DUBLIN L2 D2,BT,,cw_397971,0,308,2015,2003
49071,cw_888,HUMANA INC,610647538,6324,Hospital & medical service plans,6300,Insurance carriers,filers,500 W MAIN ST, LOUISVILLE KY 40202,US,KY,cw_888,0,2,2015,2003
832988,cw_6280,SIGNET JEWELERS LTD,0,5944,Retail-jewelry stores,5900,Miscellaneous retail,filers,CLARENDON HOUSE, 2 CHURCH STREET, HAMILTON D0 HM11,BM,,cw_6280,0,20,2015,2003
1053112,cw_15322,CABLEVISION SYSTEMS CORP,112776686,4841,Cable & other pay television services,4800,Communications,filers,1111 STEWART AVENUE, BETHPAGE NY 11714,US,NY,cw_15322,0,119,2015,2003
936340,cw_11020,DTE ENERGY CO,383217752,4911,Electric services,4900,Electric, gas, and sanitary services,filers,ONE ENERGY PLAZA, DETROIT MI 48226,US,MI,cw_11020,0,6,2015,2003
1024478,cw_13377,ROCKWELL AUTOMATION INC,251797617,3829,Measuring & controlling devices, nec,3800,Instruments and related products,filers,1201 SOUTH 2ND STREET, MILWAUKEE WI 53204,US,WI,cw_13377,0,0,2015,2003
1086222,cw_17627,AKAMAI TECHNOLOGIES INC,43432319,7389,Services-business services, nec,7300,Business services,filers,150 BROADWAY, CAMBRIDGE MA 02142,US,MA,cw_17627,0,33,2015,2003
1137774,cw_21236,PRUDENTIAL FINANCIAL INC,223703799,6311,Life insurance,6300,Insurance carriers,filers,751 BROAD ST, NEWARK NJ 07102,US,NJ,cw_21236,0,28,2015,2003
920760,cw_10198,LENNAR CORP,954337490,1520,General bldg contractors - residential bldgs,1500,General building contractors,filers,700 NW 107TH AVENUE, SUITE 400, MIAMI FL 33172,US,FL,cw_10198,0,508,2015,2003
882095,cw_8005,GILEAD SCIENCES INC,943047598,2836,Biological products, (no disgnostic substances),2800,Chemicals and allied products,filers,333 LAKESIDE DR, FOSTER CITY CA 94404,US,CA,cw_8005,0,58,2015,2003
804212,cw_5290,AIRGAS INC,560732648,5084,Wholesale-industrial machinery & equipment,5000,Wholesale trade--durable goods,filers,259 N. RADNOR-CHESTER ROAD, SUITE 100, RADNOR PA 19087,US,PA,cw_5290,0,28,2015,2003
766704,cw_4410,HEALTH CARE REIT INC,341096634,6798,Real estate investment trusts,6700,Holding and other investment offices,filers,4500 DORR STREET, TOLEDO OH 43615,US,OH,cw_4410,0,1682,2015,2003
827054,cw_6105,MICROCHIP TECHNOLOGY INC,860629024,3674,Semiconductors & related devices,3600,Electrical and electronic equipment,filers,2355 W CHANDLER BLVD, CHANDLER AZ 85224-6199,US,AZ,cw_6105,0,2,2015,2003
86312,cw_1575,TRAVELERS COMPANIES INC,410518860,6331,Fire, marine & casualty insurance,6300,Insurance carriers,filers,385 WASHINGTON ST, SAINT PAUL MN 55102,US,MN,cw_1575,0,13,2015,2003
827052,cw_6104,EDISON INTERNATIONAL,954137452,4911,Electric services,4900,Electric, gas, and sanitary services,filers,2244 WALNUT GROVE AVE,, P O BOX 800, ROSEMEAD CA 91770,US,CA,cw_1662,1,0,2015,2003
